"Player","League","Age","cluster","role_profile","scouting_score","progression_index","padj_interceptions","padj_tackles"
"Sead Kolašinac","Serie A",31,"4","Elite Progressive Distributor",5.07986804646138,3.42964824097969,1.43055918327923,2.34611706057794
"Riccardo Calafiori","Serie A",21,"3","High-Intensity Ball-Winner",4.98202208607607,1.8457464752056,2.26467554180632,2.12879500929794
"Timo Hübers","Bundesliga",27,"3","High-Intensity Ball-Winner",4.84488085061139,1.43988115462286,2.45271918608208,2.64737943894574
"Nico Schlotterbeck","Bundesliga",24,"4","Elite Progressive Distributor",4.73146035740743,3.89872977939322,0.974207462431692,1.68272198056383
"Alidu Seidu","Ligue 1",23,"3","High-Intensity Ball-Winner",4.6210576061091,1.47597724195048,1.90460706774843,2.43789704671799
"Wilfried Singo","Ligue 1",23,"4","Elite Progressive Distributor",4.60104402859243,2.3709187517884,2.21343257949104,1.90458152188764
"Giorgio Scalvini","Serie A",19,"3","High-Intensity Ball-Winner",4.57645436826568,1.90949695144719,2.52545429907299,2.26862843815031
"Lucas Martínez Quarta","Serie A",27,"4","Elite Progressive Distributor",4.39459791766166,2.89930612535527,1.20454287297543,3.01135718243857
"Mohammed Salisu","Ligue 1",25,"3","High-Intensity Ball-Winner",4.36577555524835,2.39507013727337,1.68745993284256,2.95305488247448
"Facundo Medina","Ligue 1",25,"4","Elite Progressive Distributor",4.27756284441386,2.95811291503331,1.24668002363509,1.71418503249825
"Leonardo Balerdi","Ligue 1",24,"3","High-Intensity Ball-Winner",4.14406244130109,1.99588201048792,1.75129171147477,2.71278520012759
"Daniel Vivian","La Liga",25,"4","Elite Progressive Distributor",4.11166253708848,2.74800066197118,1.70733103317531,1.45304768780877
"Tom Lockyer","Premier League",28,"3","High-Intensity Ball-Winner",4.10712586077347,1.21691332486487,1.87976623379642,2.04322416717003
"Jhon Lucumí","Serie A",26,"2","Standard Build-up Distributor",4.1069439198951,1.78039407959079,1.05824632012455,2.15719442179236
"Dayot Upamecano","Bundesliga",25,"4","Elite Progressive Distributor",4.04186745969495,2.83701733988705,1.60698122175071,1.70150952891252
"Lutsharel Geertruida","Bundesliga",24,"4","Elite Progressive Distributor",4.00219871720986,2.45990775147787,1.08717835487312,2.37820265128495
"Mohamed Simakan","Bundesliga",23,"4","Elite Progressive Distributor",4.00089164079606,2.23680897975016,1.43502584943832,2.37521519907032
"Jarell Quansah","Premier League",20,"4","Elite Progressive Distributor",3.99793695913673,2.16589762250022,1.41317615416149,2.07820022670807
"Amari'I Bell","Premier League",29,"4","Elite Progressive Distributor",3.96620612850404,2.09026777656304,1.38867968105916,2.77735936211833
"Cristian Romero","Premier League",26,"3","High-Intensity Ball-Winner",3.92338222011679,1.96260753935903,1.37067633086385,2.28446055143975
"Thilo Kehrer","Ligue 1",27,"3","High-Intensity Ball-Winner",3.89799397944467,2.08409759910323,1.62992484281174,1.67520053288984
"Kim Min-Jae","Bundesliga",27,"4","Elite Progressive Distributor",3.84439095924575,2.75953344821885,1.34739067345858,1.27455874516352
"Unai Núñez","La Liga",26,"3","High-Intensity Ball-Winner",3.81970961777069,1.38737221386443,1.68007721764505,1.64776804038264
"El Chadaille Bitshiabu","Bundesliga",19,"3","High-Intensity Ball-Winner",3.80545533180726,2.13187008998312,1.21712262616077,2.52787006971853
"Mika Mármol","La Liga",22,"3","High-Intensity Ball-Winner",3.8005119321509,1.79143536278456,1.36226425946436,2.16723859460239
"Robin Knoche","Bundesliga",31,"1","Limited / Reactive Defender",3.79808770912292,1.22766358918833,0.665530813313545,1.74061905020466
"Danilo","Serie A",32,"4","Elite Progressive Distributor",3.79294724606795,2.50799629719925,1.32299446172894,2.14539642442531
"Castello Lukeba","Bundesliga",20,"2","Standard Build-up Distributor",3.78993692080152,1.90121008447518,0.579439764446867,0.917446293707539
"Lisandro Martínez","Premier League",26,"4","Elite Progressive Distributor",3.77501845854346,2.63432768334301,1.70240514872767,2.12800643590959
"Kevin Akpoguma","Bundesliga",28,"3","High-Intensity Ball-Winner",3.74613998464702,1.97227860524754,1.42371427037947,2.76833330351564
"Paweł Dawidowicz","Serie A",28,"3","High-Intensity Ball-Winner",3.74547866989631,1.47977037322771,1.06691500763157,2.35610397518638
"Christian Mawissa","Ligue 1",19,"3","High-Intensity Ball-Winner",3.74503215158887,1.20424421061204,1.86888154953974,3.01896250310266
"Kevin Danso","Ligue 1",25,"3","High-Intensity Ball-Winner",3.73768331595288,1.91280127143177,1.8346685764491,1.74293514762664
"Dean Huijsen","Premier League",19,"4","Elite Progressive Distributor",3.73327557547069,2.39502521381169,2.2063392358897,1.55741593121626
"Isak Hien","Serie A",25,"3","High-Intensity Ball-Winner",3.68838455271315,0.800380384726378,1.45067430853789,2.24620538096189
"Adam Webster","Premier League",28,"4","Elite Progressive Distributor",3.68227015950309,2.73709840163011,1.3226843290902,1.15734878795393
"Waldemar Anton","Bundesliga",27,"4","Elite Progressive Distributor",3.67822716898332,2.35570047368929,1.1617716215166,1.13272733097868
"César Azpilicueta","La Liga",33,"4","Elite Progressive Distributor",3.67148645898783,2.8381122470125,1.09141784551402,1.70534038361566
"Youssouf Ndayishimiye","Ligue 1",25,"2","Standard Build-up Distributor",3.66964291214716,1.73371666597467,1.07870249830292,2.05467142533889
"Bernardo","Bundesliga",29,"3","High-Intensity Ball-Winner",3.65939355198523,2.05542163923682,1.45014295276458,2.56563753181426
"Abdukodir Khusanov","Ligue 1",20,"3","High-Intensity Ball-Winner",3.65915825687482,1.49259842320945,2.6419227500867,1.5241862019731
"Iñigo Martínez","La Liga",33,"4","Elite Progressive Distributor",3.64173847412741,4.31319015776781,0.598389021664006,0.831095863422231
"Mario Gila","Serie A",23,"4","Elite Progressive Distributor",3.63777876110449,2.4852427269018,0.930201790531432,1.82718208854388
"Dante","Ligue 1",40,"3","High-Intensity Ball-Winner",3.63323732434168,1.86610803378881,1.71801497693051,1.61695527240519
"Marco Friedl","Bundesliga",26,"3","High-Intensity Ball-Winner",3.62705578933315,1.08957358125619,1.39205198498232,2.5384477373207
"Michael Svoboda","Serie A",25,"3","High-Intensity Ball-Winner",3.62505763801382,1.43482151491857,1.71090304495856,2.02197632586012
"Joseph Okumu","Ligue 1",27,"4","Elite Progressive Distributor",3.60018341560562,2.52927768278861,1.29584582913321,1.55501499495985
"Odilon Kossounou","Serie A",23,"2","Standard Build-up Distributor",3.59550889703312,1.66202623068908,1.25833257369404,1.54871701377728
"Diogo Leite","Bundesliga",25,"3","High-Intensity Ball-Winner",3.59250125627068,1.80497766967094,2.19716860353972,2.46699632678144
"Arthur Theate","Ligue 1",23,"4","Elite Progressive Distributor",3.59234193728909,2.57200551588903,1.20584156681945,1.16694345176076
"Reinildo Mandava","La Liga",30,"3","High-Intensity Ball-Winner",3.57675290220241,1.65294509930676,1.65046503099517,1.85677315986956
"Dan-Axel Zagadou","Bundesliga",24,"2","Standard Build-up Distributor",3.56472912034815,1.70533310341853,1.15377594621366,1.21146474352435
"Willi Orban","Bundesliga",31,"2","Standard Build-up Distributor",3.56104783080909,1.79565741381226,0.999872599833663,1.80929327588949
"Marquinhos","Ligue 1",29,"4","Elite Progressive Distributor",3.55876911792877,2.83736399114893,0.927025249115565,1.03608704312916
"Willy Boly","Premier League",32,"3","High-Intensity Ball-Winner",3.55388663201805,0.950651615450216,1.57050211562524,2.88972389275045
"Danilo Pereira","Ligue 1",31,"4","Elite Progressive Distributor",3.545238356158,2.75203572310005,0.966276561447276,0.924264537036524
"Oumar Solet","Serie A",24,"2","Standard Build-up Distributor",3.53552944373695,1.8648530637218,0.998086847657743,1.9374627042768
"Patrick Mainka","Bundesliga",29,"3","High-Intensity Ball-Winner",3.52749582881123,1.31645411844969,2.23854873306154,1.90935038996425
"Illia Zabarnyi","Premier League",21,"3","High-Intensity Ball-Winner",3.52728252840632,1.78078817835563,1.38463410052836,1.75612129823109
"Warmed Omari","Ligue 1",23,"4","Elite Progressive Distributor",3.50557687049795,2.24952779214972,1.4230962731854,1.37997214369494
"Jan Paul Van Hecke","Premier League",24,"4","Elite Progressive Distributor",3.4562824476765,3.12446932761166,0.767317886652735,1.43872103747388
"Stanley N'Soki","Bundesliga",25,"3","High-Intensity Ball-Winner",3.45296297142903,1.62440435661165,1.724735746677,1.45939178564977
"Woyo Coulibaly","Serie A",25,"4","Elite Progressive Distributor",3.44105925250578,2.42924047719848,0.721864382428441,1.17302962144622
"Nehuén Pérez","Serie A",23,"3","High-Intensity Ball-Winner",3.42522404961759,1.47586100228126,1.36424180535858,2.18278688857373
"Mathias Jørgensen","Premier League",33,"2","Standard Build-up Distributor",3.41922389574963,1.75174429991592,1.04305257324302,1.47765781209428
"Yeray Álvarez","La Liga",29,"4","Elite Progressive Distributor",3.41329644340501,2.23281843327022,1.8085997273074,1.32985274066721
"Teden Mengi","Premier League",21,"3","High-Intensity Ball-Winner",3.40445539930385,0.938871363545692,2.20568903898,2.08960014219158
"Marc Guéhi","Premier League",24,"2","Standard Build-up Distributor",3.39741079525148,1.73271235320292,0.961462750513033,2.09461527790339
"Lilian Brassier","Ligue 1",24,"4","Elite Progressive Distributor",3.39471884469757,2.56183666070463,1.59223791559534,1.08561676063319
"Berat Djimsiti","Serie A",31,"3","High-Intensity Ball-Winner",3.3833283205191,1.78158154530716,1.64991159138205,2.18613285858121
"Lucas Beraldo","Ligue 1",20,"2","Standard Build-up Distributor",3.3804763982445,2.27624244997326,0.875233099298069,1.58375513206317
"Sam Beukema","Serie A",25,"2","Standard Build-up Distributor",3.37887987778266,1.95431073207135,1.05970574655439,1.90747034379791
"Gerzino Nyamsi","Ligue 1",26,"1","Limited / Reactive Defender",3.37521097888099,0.898828561955282,0.886045163138794,1.59488129364983
"Kevin Vogt","Bundesliga",32,"2","Standard Build-up Distributor",3.37377208275706,1.887463709261,0.646131513257475,0.8615086843433
"Maxime Estève","Premier League",21,"3","High-Intensity Ball-Winner",3.35267955655331,1.3342238497729,1.96680259912046,1.96680259912046
"John Brooks","Bundesliga",30,"3","High-Intensity Ball-Winner",3.34559177564815,1.38882773912737,1.52223640799832,1.57861553422048
"Micky Van De Ven","Premier League",23,"2","Standard Build-up Distributor",3.30468298625248,1.86616584656833,0.910568934789216,0.910568934789216
"Leny Yoro","Premier League",18,"3","High-Intensity Ball-Winner",3.30394442192702,1.95164616142444,1.43928126281113,2.31884203452904
"Eric García","La Liga",22,"4","Elite Progressive Distributor",3.2890812134323,3.25051400327488,0.797828925879035,1.46268636411156
"Mickael Nade","Ligue 1",25,"3","High-Intensity Ball-Winner",3.2870209679325,1.28730383585149,1.33722408631761,2.39079457856784
"Yarek Gasiorowski","La Liga",19,"3","High-Intensity Ball-Winner",3.28682808808256,1.63537031519644,2.39850505929818,1.75275369717944
"Nicolò Casale","Serie A",26,"3","High-Intensity Ball-Winner",3.27493163331505,1.19857371350568,2.00967307579893,1.30037669610519
"Alexsandro Ribeiro","Ligue 1",24,"4","Elite Progressive Distributor",3.27307772365166,2.43460262523905,0.772321797521554,0.915344352618138
"Kike Salas","La Liga",21,"3","High-Intensity Ball-Winner",3.26436074127503,1.48404340009643,1.40074612414748,2.20886888807871
"Luca Marianucci","Serie A",20,"3","High-Intensity Ball-Winner",3.2616318318929,1.24665152341817,1.74952789733285,2.57825163817473
"Boubakar Kouyaté","Ligue 1",26,"3","High-Intensity Ball-Winner",3.25741533811142,1.07202488589208,1.31436092427097,2.22081673411303
"Malang Sarr","Ligue 1",25,"3","High-Intensity Ball-Winner",3.24387732678121,1.40248814527569,1.57370849734407,1.50217629291934
"Emmanuel Agbadou","Premier League",27,"1","Limited / Reactive Defender",3.2377670153638,0.895863244589033,0.833286949609021,2.08321737402255
"Yerson Mosquera","La Liga",22,"3","High-Intensity Ball-Winner",3.22597589390403,1.22803763439561,1.19642914604823,1.90021099666483
"Ben Mee","Premier League",33,"2","Standard Build-up Distributor",3.21888648795806,1.60051753700365,0.965629973303011,1.93125994660602
"Mattia Viti","Serie A",22,"3","High-Intensity Ball-Winner",3.2122202146909,1.30230971954241,1.83702577285633,2.48763906740962
"Ozan Kabak","Bundesliga",23,"3","High-Intensity Ball-Winner",3.20708316744992,1.88624353476573,1.74903762566679,1.82508273982621
"Chrislain Matsima","Bundesliga",22,"3","High-Intensity Ball-Winner",3.19682874440583,1.25139635916926,1.84858481472541,1.10204094724015
"Koni De Winter","Serie A",22,"1","Limited / Reactive Defender",3.1947635486054,1.0024587410157,1.21471901753833,1.6034291031506
"Jean-Charles Castelletto","Ligue 1",28,"2","Standard Build-up Distributor",3.18859271391078,1.68134221954735,1.17148017050553,1.24469768116213
"Nicolás Valentini","Serie A",23,"3","High-Intensity Ball-Winner",3.18734461361632,1.41400773349929,1.26572124742828,2.95334957733266
"Gleison Bremer","Serie A",26,"1","Limited / Reactive Defender",3.18079376567199,1.28203081995203,1.08475348648126,1.57289255539783
"Johan Vásquez","Serie A",25,"3","High-Intensity Ball-Winner",3.17999711530719,1.42995515238527,1.70563965961482,1.9103164187686
"Willian Pacho","Ligue 1",22,"3","High-Intensity Ball-Winner",3.17289182227012,0.856108693674332,1.57249509755063,2.20149313657088
"Montassar Talbi","Ligue 1",25,"2","Standard Build-up Distributor",3.17240770352123,1.54394187052122,1.30754463387111,1.55270925272194
"Andy Pelmard","Ligue 1",23,"2","Standard Build-up Distributor",3.16809846052821,1.71666946232392,0.951296749275004,1.47018588524319
"David García","La Liga",29,"2","Standard Build-up Distributor",3.16711026051943,2.11574277014406,0.705004483793798,1.13584055722334
"Jonathan Gradit","Ligue 1",31,"4","Elite Progressive Distributor",3.1662761934126,2.28211710135405,1.17272849346889,2.06400214850524
"Jordan Beyer","Premier League",23,"3","High-Intensity Ball-Winner",3.16354499972756,0.927339965489038,1.23635013013923,2.70451590967957
"Maxence Lacroix","Premier League",24,"3","High-Intensity Ball-Winner",3.15018245135845,0.800049761810523,1.82033039045303,2.292267899089
"Lucas Perrin","Ligue 1",24,"2","Standard Build-up Distributor",3.14385484732563,1.57135244627475,0.994921663904949,1.67004707869759
"Joël Schingtienne","Serie A",21,"3","High-Intensity Ball-Winner",3.14132277642241,0.990158846233502,1.27506775300023,2.45905923792901
"Matteo Lovato","Serie A",23,"3","High-Intensity Ball-Winner",3.13457342706872,1.07219639296511,1.58145317601044,2.37217976401566
"Anthony Jung","Bundesliga",32,"4","Elite Progressive Distributor",3.12562830121413,2.34538973195412,1.16540024311458,1.58494433063582
"Toti Gomes","Premier League",25,"3","High-Intensity Ball-Winner",3.12344569022938,1.44420878879932,0.936411788246557,2.2848447633216
"Lukas Klostermann","Bundesliga",28,"2","Standard Build-up Distributor",3.12089533181133,1.70994937795442,1.38144997160292,1.55413121805329
"Fali","La Liga",29,"1","Limited / Reactive Defender",3.11849811281044,1.24312020988153,1.09622309024207,1.66463506296019
"Fali Candé","Serie A",26,"1","Limited / Reactive Defender",3.10744613367496,1.13017358891133,1.00183894878589,1.66973158130982
"Cristhian Mosquera","La Liga",20,"2","Standard Build-up Distributor",3.10408584533747,1.48671637637475,0.921251190006699,1.47400190401072
"Moritz Jenz","Bundesliga",25,"3","High-Intensity Ball-Winner",3.10215424419454,0.984531580441802,1.75110907339411,2.10133088807294
"Eray Cömert","Ligue 1",25,"3","High-Intensity Ball-Winner",3.10108353461638,1.05441438397705,1.6277408684919,1.89903101324055
"Yerry Mina","Serie A",29,"3","High-Intensity Ball-Winner",3.10052829575324,1.17215784561587,1.12264764786405,2.0025606691629
"Éder Militão","La Liga",26,"2","Standard Build-up Distributor",3.0915188165565,1.9358765105965,1.08686304656955,1.72086649040178
"Moïse Bombito","Ligue 1",24,"2","Standard Build-up Distributor",3.07125590761886,1.79140263300656,0.814932179374831,1.67513836871493
"Florian Lejeune","La Liga",33,"2","Standard Build-up Distributor",3.06762834181491,1.6523878162819,1.22767903741273,1.37739599319478
"Jeffrey Gouweleeuw","Bundesliga",33,"2","Standard Build-up Distributor",3.06629602672176,1.8879431221008,1.0781439118857,1.54020558840814
"Milan Škriniar","Ligue 1",28,"1","Limited / Reactive Defender",3.06576739153957,1.27867476852714,0.617414281395569,1.23482856279114
"Manuel Akanji","Premier League",29,"4","Elite Progressive Distributor",3.06101777726823,3.28524049322744,0.339691964880287,0.71712748141394
"Arnau Martinez","La Liga",20,"4","Elite Progressive Distributor",3.05962432677308,2.68579555193873,0.565102035332531,1.41275508833133
"Sinaly Diomande","Ligue 1",23,"3","High-Intensity Ball-Winner",3.05872379841075,1.33768483059995,1.44454830075534,1.87791279098194
"Lewis Dunk","Premier League",32,"4","Elite Progressive Distributor",3.05732971346043,2.5029443423357,0.590223275991044,0.771830437834442
"Calvin Bassey","Premier League",24,"2","Standard Build-up Distributor",3.05504520123863,1.60216007977022,0.585256520476735,1.58019260528718
"Tim Oermann","Bundesliga",20,"3","High-Intensity Ball-Winner",3.04966024088016,1.15816857920261,0.988067091664336,2.24560702650986
"Tim Ream","Premier League",35,"2","Standard Build-up Distributor",3.04629522390648,1.57697659646182,1.49623964067322,1.19699171253858
"Nicolas Pallois","Ligue 1",36,"3","High-Intensity Ball-Winner",3.04030601266825,0.936608228676812,1.25221182330686,2.72803290077566
"Eric Dier","Bundesliga",30,"2","Standard Build-up Distributor",3.03957765105606,1.86764992478218,1.1365365160466,1.07970969024427
"Carlos Dominguez","La Liga",23,"4","Elite Progressive Distributor",3.02522871893471,2.18665343590262,0.996167715204017,1.76245057305326
"Sergio Ramos","La Liga",37,"3","High-Intensity Ball-Winner",3.02218726551965,1.18266062964922,1.40851591790478,1.54593210501744
"Norbert Gyömbér","Serie A",31,"1","Limited / Reactive Defender",3.02160193221385,0.891586582288378,1.08729897811501,1.70185927009306
"Ilario Monterisi","Serie A",21,"1","Limited / Reactive Defender",3.01798418759744,1.17407403561532,0.559988783543533,1.60996775268766
"Ohis Felix Uduokhai","Bundesliga",25,"2","Standard Build-up Distributor",3.0137470171961,1.43046303881492,1.42814653614916,1.14872656168519
"Victor Lindelöf","Premier League",29,"2","Standard Build-up Distributor",3.00808890178178,1.50632665769724,0.841748328903093,1.05218541112887
"Mark Mckenzie","Ligue 1",25,"2","Standard Build-up Distributor",3.00484250394926,1.37930898276879,0.790336898325386,1.86806903240546
"Marin Šverko","Serie A",26,"3","High-Intensity Ball-Winner",3.00131531951978,1.333751265165,1.46374320896918,1.82967901121148
"Christopher Wooh","Ligue 1",22,"3","High-Intensity Ball-Winner",2.98904485400661,1.60235797108826,1.41080471155179,2.20821607025497
"Anel Ahmedhodžić","Premier League",24,"3","High-Intensity Ball-Winner",2.98408781986571,0.756189702229692,1.33678441054102,2.51630006690074
"Mats Hummels","Serie A",35,"3","High-Intensity Ball-Winner",2.98297312852586,1.08180737789696,2.10970806225237,2.43427853336812
"Raphaël Varane","Premier League",30,"2","Standard Build-up Distributor",2.98054897382522,1.72302343100255,1.0162198007121,1.21946376085452
"Christophe Hérelle","Ligue 1",30,"1","Limited / Reactive Defender",2.97173621788678,0.82509523063138,1.12558966565397,2.00104829449594
"Maximiliano Caufriez","Ligue 1",26,"2","Standard Build-up Distributor",2.97162906544979,1.74956622630432,0.93487620699753,1.9736275481059
"Enzo Boyomo","La Liga",22,"3","High-Intensity Ball-Winner",2.97104818081323,1.36198759317649,1.34659711467634,2.08110463177252
"Nathan Aké","Premier League",28,"2","Standard Build-up Distributor",2.96679123466209,2.2725263585392,0.521164144181335,0.967876267765337
"Víctor Chust","La Liga",23,"2","Standard Build-up Distributor",2.96402687355486,1.59250206207433,0.610254377668737,1.60885245021758
"Virgil Van Dijk","Premier League",33,"2","Standard Build-up Distributor",2.9569140463065,2.15680603122061,1.66355871600992,1.1288434144353
"Saba Goglichidze","Serie A",20,"3","High-Intensity Ball-Winner",2.95543738699815,0.733141610242092,1.27937015472753,2.48120272432007
"Pau Navarro","La Liga",19,"2","Standard Build-up Distributor",2.95423344678278,1.49172584197578,0.377706504108213,2.17181239862222
"Alessandro Buongiorno","Serie A",25,"2","Standard Build-up Distributor",2.95260833995698,1.8408807120352,1.42913421793252,1.59246384283909
"Julien Le Cardinal","Ligue 1",26,"3","High-Intensity Ball-Winner",2.95095864204712,1.13998439605113,2.25964941850865,1.84880406968889
"Benoît Badiashile","Premier League",22,"1","Limited / Reactive Defender",2.94511158259951,1.26245100964515,1.06578405557427,1.24341473150332
"Rasmus Nicolaisen","Ligue 1",26,"1","Limited / Reactive Defender",2.9448514712015,1.11090691379303,1.28753065618099,1.53277459069166
"Karol Mets","Bundesliga",31,"2","Standard Build-up Distributor",2.93963096776193,2.13297174181011,1.22202818069192,1.32386386241625
"Gian Marco Ferrari","Serie A",31,"4","Elite Progressive Distributor",2.93837687723633,2.58010787863436,0.970559698229215,0.854092534441709
"Jonny Evans","Premier League",35,"3","High-Intensity Ball-Winner",2.93771485460778,1.10338498179242,1.53917390792721,1.47225330323472
"Abakar Sylla","Ligue 1",21,"3","High-Intensity Ball-Winner",2.9277928114775,0.716227699954626,1.12033415785507,2.74991111473518
"Javi Rodríguez","La Liga",21,"2","Standard Build-up Distributor",2.92161472137538,1.91659618483009,1.18792131340328,1.90787362455679
"Harry Maguire","Premier League",31,"3","High-Intensity Ball-Winner",2.91634799512318,1.16782797457926,2.11953314520915,1.58964985890687
"Nathan Zeze","Ligue 1",19,"3","High-Intensity Ball-Winner",2.90758413794207,1.00620009287757,1.37215038489769,2.26703107070053
"Fabian Schär","Premier League",32,"2","Standard Build-up Distributor",2.90682931791507,1.49166904158705,1.45567095438157,1.16453676350526
"Nayef Aguerd","La Liga",28,"2","Standard Build-up Distributor",2.90335408234314,1.87071022048821,0.701465802411558,1.61876723633436
"Stefan Bell","Bundesliga",32,"3","High-Intensity Ball-Winner",2.90009552637373,1.09433649169133,1.8210233632325,1.43080407111125
"Daley Blind","La Liga",33,"4","Elite Progressive Distributor",2.89292976556232,2.8546190078514,0.495529076137318,1.10904126564066
"Jack Robinson","Premier League",29,"1","Limited / Reactive Defender",2.87860579269724,0.880289599160362,1.19133125513574,1.55234072638899
"Igor Zubeldia","La Liga",27,"2","Standard Build-up Distributor",2.8682626330705,1.7396435733305,1.29748700476573,1.42305026329144
"Ronald Araújo","La Liga",24,"2","Standard Build-up Distributor",2.86730183510145,2.0628377621816,0.49740900148335,1.11917025333754
"Souleymane Touré","Ligue 1",20,"2","Standard Build-up Distributor",2.86720234856279,1.5706189045499,1.58072009735905,1.09772228983267
"Abdul Mumin","La Liga",26,"1","Limited / Reactive Defender",2.86609647632321,0.818780110226575,1.13531028194661,1.82636871443585
"Julian Chabot","Bundesliga",26,"2","Standard Build-up Distributor",2.85728405758031,1.65021136986887,1.40380310917235,1.36686092208887
"Nathan Collins","Premier League",23,"2","Standard Build-up Distributor",2.85426914009771,1.53100394090254,0.939306457161688,1.10506642019022
"Edmond Tapsoba","Bundesliga",25,"4","Elite Progressive Distributor",2.85388740226349,2.73515298928417,0.634620837026664,1.03125886016833
"Marc Bartra","La Liga",33,"3","High-Intensity Ball-Winner",2.85291563461729,1.16517671163184,1.54681782140326,1.54681782140326
"Arthur Chaves","Bundesliga",23,"3","High-Intensity Ball-Winner",2.84584981150428,1.01867211869707,1.46928905467664,2.02523626455429
"Sebastiaan Bornauw","Bundesliga",24,"1","Limited / Reactive Defender",2.84345684215601,0.99252051678953,1.17760834660374,1.70098983398319
"Konstantinos Koulierakis","Bundesliga",20,"2","Standard Build-up Distributor",2.84316619518974,1.67769546666267,1.2518053068537,1.51733976588327
"Modibo Sagnan","Ligue 1",25,"3","High-Intensity Ball-Winner",2.83738234536394,1.00953461675962,1.18360012237013,2.32638644741714
"Axel Disasi","Premier League",25,"2","Standard Build-up Distributor",2.83269069501276,1.75089708233554,0.552934884202551,1.01371395437134
"Raúl Torrente","La Liga",21,"1","Limited / Reactive Defender",2.83242198370397,0.987845935965425,0.824268045225549,2.17307030104917
"Hauke Wahl","Bundesliga",30,"2","Standard Build-up Distributor",2.82695590386248,1.88957302829982,0.956638222258829,1.11093470971993
"Niklas Süle","Bundesliga",28,"2","Standard Build-up Distributor",2.82497677048135,1.91707030847763,0.333398806965314,1.1668958243786
"Germán Pezzella","La Liga",32,"1","Limited / Reactive Defender",2.8245201314109,0.816025175607151,1.1022756165291,1.20894745038675
"Murillo","Premier League",22,"2","Standard Build-up Distributor",2.82282905686649,1.45160446370799,1.02009728383548,1.50180989009112
"Joachim Andersen","Premier League",28,"2","Standard Build-up Distributor",2.81943448290241,1.58705436140784,1.18406253376203,0.940284953281612
"Santiago Mouriño","La Liga",22,"3","High-Intensity Ball-Winner",2.81729939418823,1.11670457884949,1.28844818082388,1.91045764742851
"Jean-Clair Todibo","Premier League",24,"3","High-Intensity Ball-Winner",2.81600859420572,0.833684023122125,1.25132696510699,2.26201412923186
"Ignasi Miquel","La Liga",30,"1","Limited / Reactive Defender",2.81570424805463,1.05672626589008,1.40875904059119,1.47137055350635
"Max Geschwill","Bundesliga",23,"3","High-Intensity Ball-Winner",2.81485257670346,1.76780192627365,1.68204752861835,1.45777452480257
"Chadi Riad","La Liga",20,"1","Limited / Reactive Defender",2.81001590541504,0.572407369853006,1.04570273852973,1.5912867760235
"Miguel Ángel Rubio","La Liga",25,"1","Limited / Reactive Defender",2.80805447406447,0.715370360576742,1.68119939294255,1.20085670924468
"Pietro Comuzzo","Serie A",19,"3","High-Intensity Ball-Winner",2.80702127898002,1.34855296933756,1.21255490814567,1.79792624311255
"Benedikt Gimber","Bundesliga",27,"3","High-Intensity Ball-Winner",2.80637347000618,0.649264368423836,1.16914095193592,2.71542414643182
"Pau Cubarsí","La Liga",17,"4","Elite Progressive Distributor",2.80626597553445,2.6774096402718,0.505895480500255,1.07502789606304
"Ameen Al-Dakhil","Premier League",21,"2","Standard Build-up Distributor",2.80586553797869,1.29243708341468,1.08356254303396,1.08356254303396
"Abdoulaye Niakhate Ndiaye","Ligue 1",22,"1","Limited / Reactive Defender",2.80310848287837,0.819368924761979,0.608044698048217,2.70856274585115
"Ibrahima Konaté","Premier League",25,"2","Standard Build-up Distributor",2.80219820045883,1.81291700329975,0.656906102911005,1.54566141861413
"Keven Schlotterbeck","Bundesliga",27,"2","Standard Build-up Distributor",2.79543063378909,1.63511177199377,1.048812317411,1.32849560205394
"Caleb Okoli","Premier League",23,"3","High-Intensity Ball-Winner",2.79052585969661,0.969211313218205,1.2598460323865,2.09974338731084
"Max Rosenfelder","Bundesliga",21,"2","Standard Build-up Distributor",2.79026487008222,1.43979006719096,0.478841911434072,1.84696165838856
"José Luis Palomino","Serie A",34,"3","High-Intensity Ball-Winner",2.78807736567306,1.14946501088532,1.58636397134736,1.94690123756267
"Mateusz Wieteska","Serie A",26,"2","Standard Build-up Distributor",2.78039444120494,1.72987591776787,1.13085409054974,1.13085409054974
"William Saliba","Premier League",23,"2","Standard Build-up Distributor",2.77456779925898,1.64190351976012,0.538588385632257,1.59011809091428
"Ivan Ordets","Bundesliga",32,"3","High-Intensity Ball-Winner",2.77448799589589,0.938698316811571,2.18969008421621,0.961327354046143
"Matej Maglica","Bundesliga",24,"2","Standard Build-up Distributor",2.773857902712,1.48520819612818,0.983169993749672,1.56413408096539
"Marin Pongračić","Serie A",26,"1","Limited / Reactive Defender",2.77265018533514,1.03538853274842,0.807493115431369,1.21123967314705
"Arouna Sangante","Ligue 1",22,"2","Standard Build-up Distributor",2.77220147504119,1.54588970537855,1.3199211262857,1.57133467414964
"Axel Witsel","La Liga",34,"1","Limited / Reactive Defender",2.76118559748552,1.21753838669478,0.558062376631855,1.22076144888218
"Leo Skiri Østigård","Bundesliga",24,"2","Standard Build-up Distributor",2.74460457298423,1.79934762512557,0.842402672387422,0.842402672387422
"Myles Lewis-Skelly","Premier League",17,"4","Elite Progressive Distributor",2.74306333346035,2.62827180222055,0.398531800325403,1.25252851530841
"Tim Siersleben","Bundesliga",24,"3","High-Intensity Ball-Winner",2.74236946370846,1.16832337180541,1.70447873075752,1.78970266729539
"Konstantinos Mavropanos","Premier League",26,"3","High-Intensity Ball-Winner",2.73790407825368,1.25766686122554,1.71801520505567,1.50326330442371
"Federico Gatti","Serie A",26,"2","Standard Build-up Distributor",2.73641056777875,1.45517859997207,0.718976587611508,1.11840802517346
"Yann Aurel Bisseck","Serie A",23,"4","Elite Progressive Distributor",2.73514598786031,2.4934962259683,0.819370248568028,0.819370248568028
"Diego Llorente","La Liga",30,"3","High-Intensity Ball-Winner",2.73330662891571,1.15304040547006,1.67949205560641,1.40608637213559
"Nathaniel Adjei","Ligue 1",20,"1","Limited / Reactive Defender",2.73285230751611,1.17132016790548,1.30412587276083,0.941868685882819
"Diego Coppola","Serie A",20,"3","High-Intensity Ball-Winner",2.73009439195955,0.581269060618683,2.34342213326387,2.14813695549188
"Derek Cornelius","Ligue 1",26,"2","Standard Build-up Distributor",2.72902384416778,1.78924327798659,0.768856236876952,1.31803926321763
"Cenk Özkacar","La Liga",22,"2","Standard Build-up Distributor",2.72847831115705,1.44400311172857,0.984040561297698,1.42139192187445
"Cedric Zesiger","Bundesliga",25,"2","Standard Build-up Distributor",2.72511984567887,1.82993225396167,0.859423472047102,1.088603064593
"Chancel Mbemba","Ligue 1",28,"2","Standard Build-up Distributor",2.71115375348344,2.16221725131994,0.459352907396872,1.16604968800744
"Loïc Bade","La Liga",24,"1","Limited / Reactive Defender",2.70775034578302,0.888224789858487,0.93358337173441,1.51304891281094
"Giangiacomo Magnani","Serie A",28,"3","High-Intensity Ball-Winner",2.7033389142811,1.04990965067975,1.52068781858473,1.78904449245262
"Philipp Lienhart","Bundesliga",28,"4","Elite Progressive Distributor",2.70319396986321,2.11168644855523,1.11039957223938,0.678577516368511
"Clément Lenglet","La Liga",29,"2","Standard Build-up Distributor",2.70266364236968,1.57207712817778,1.08290843913736,1.32902399348676
"Erhan Mašović","Bundesliga",25,"1","Limited / Reactive Defender",2.7014852732032,1.32087563992044,1.31064483947243,1.52908564605117
"Christoph Zimmermann","Bundesliga",30,"3","High-Intensity Ball-Winner",2.69479670805185,1.11551756695146,1.30618016531765,2.05256883121345
"Sven Botman","Premier League",23,"1","Limited / Reactive Defender",2.69345170752707,0.889446874295807,0.620325138729924,1.37850030828872
"Aleksandar Sedlar","La Liga",31,"1","Limited / Reactive Defender",2.67995657616919,1.11331935390367,1.1289067916623,1.21574577563632
"Anthony Rouault","Ligue 1",23,"1","Limited / Reactive Defender",2.67712125653058,1.27778083586083,0.735062322425981,1.10259348363897
"David Nemeth","Bundesliga",23,"1","Limited / Reactive Defender",2.66735779216613,1.1918027142664,0.771987853970097,1.84419320670634
"Omar Alderete","La Liga",27,"2","Standard Build-up Distributor",2.66221841462448,1.53987763401067,1.20590394681496,1.29634674282608
"Sebastian Walukiewicz","Serie A",23,"1","Limited / Reactive Defender",2.6547746837388,0.936638883903564,0.718496089991862,1.86808983397884
"Renato Veiga","Serie A",21,"3","High-Intensity Ball-Winner",2.64834983415681,1.44893164830231,1.52408857305774,1.3636581969464
"Dylan Batubinsika","Ligue 1",28,"3","High-Intensity Ball-Winner",2.64752759551089,1.01370166859072,1.80768865709006,1.20512577139338
"Aridane Hernández","La Liga",35,"1","Limited / Reactive Defender",2.64750597572272,1.26805959915887,0.582800637629603,1.26273471486414
"Strahinja Pavlović","Serie A",23,"4","Elite Progressive Distributor",2.63635211815012,2.33588082604059,0.55853818774672,1.81524911017684
"Thomas Kristensen","Serie A",21,"3","High-Intensity Ball-Winner",2.63630261400582,1.05165232641363,1.35819586521185,1.63920190629016
"Nico Elvedi","Bundesliga",27,"1","Limited / Reactive Defender",2.63486521799359,1.16174305388399,1.20265477480254,1.52336271474989
"Jaka Bijol","Serie A",25,"2","Standard Build-up Distributor",2.63218368908749,1.37418717993158,1.25894752839496,1.42459851897324
"Auston Trusty","Premier League",24,"3","High-Intensity Ball-Winner",2.63027902191543,0.691558922380212,1.41729904198279,1.90323014209117
"Cédric Kipré","Ligue 1",27,"3","High-Intensity Ball-Winner",2.62783546288859,1.4493328213862,1.28377493647827,1.68495460412772
"Nathaniel Clyne","Premier League",32,"1","Limited / Reactive Defender",2.62679125264628,1.06490769357865,0.785050863180484,1.88412207163316
"Jamaal Lascelles","Premier League",29,"1","Limited / Reactive Defender",2.6257315320326,1.17784151879758,0.439396973267029,1.23031152514768
"Max Kilman","Premier League",27,"2","Standard Build-up Distributor",2.6210714673316,1.4731874942835,0.996915782443818,1.0231504082976
"Logan Costa","La Liga",23,"2","Standard Build-up Distributor",2.61979523533393,1.74288284707643,0.702122372731502,1.270507150657
"Mattia Bani","Serie A",30,"1","Limited / Reactive Defender",2.61444676695446,0.67823200669847,1.5144088189456,1.30789852545302
"Yoann Salmier","Ligue 1",30,"1","Limited / Reactive Defender",2.60694554853385,1.21794279039837,1.04718232212972,1.09704814699304
"Rafa Marín","La Liga",21,"1","Limited / Reactive Defender",2.60036144444141,1.20462857566283,1.10967638219445,1.07604982515826
"José María Giménez","La Liga",29,"1","Limited / Reactive Defender",2.59838411570383,1.07061061045599,1.31107319417503,1.2625149277241
"Aïssa Mandi","La Liga",31,"2","Standard Build-up Distributor",2.59606534436075,1.75672046275184,0.621705584480005,1.01027157478001
"Mamadou Sarr","Ligue 1",18,"1","Limited / Reactive Defender",2.59164228103286,0.835203665469771,1.02279209106508,1.51373229477631
"Morato","Premier League",23,"1","Limited / Reactive Defender",2.58339804388301,0.686502974945725,0.995978849953297,2.19115346989725
"Thiago Silva","Premier League",38,"1","Limited / Reactive Defender",2.57972711642916,1.37752429516399,0.815118843717141,0.909171017992195
"Rúben Dias","Premier League",27,"4","Elite Progressive Distributor",2.57872014608282,2.85106753877511,0.669445293085668,0.569028499122818
"Daniele Ghilardi","Serie A",21,"3","High-Intensity Ball-Winner",2.57709007580736,1.20407097077265,1.40857495154907,2.06590992893863
"Jay Idzes","Serie A",24,"1","Limited / Reactive Defender",2.57156206597145,1.05713218104535,1.04573147708256,1.47055988964735
"Leopold Querfeld","Bundesliga",20,"1","Limited / Reactive Defender",2.5676754583209,1.08263437903414,1.06735189174053,1.40441038386912
"Igor","Premier League",26,"2","Standard Build-up Distributor",2.56327309818916,1.93925344836513,0.393639665057022,0.492049581321278
"Ladislav Krejčí","La Liga",25,"4","Elite Progressive Distributor",2.56299362040003,2.30137103202676,0.977209642574624,0.661053581741658
"Robin Koch","Bundesliga",28,"1","Limited / Reactive Defender",2.56243668490249,1.30252559244728,0.911349093128144,0.874895129403018
"Becir Omeragic","Ligue 1",22,"2","Standard Build-up Distributor",2.559480236545,1.2969049514572,0.631445481319655,1.554327338633
"Natan","La Liga",23,"1","Limited / Reactive Defender",2.55383578513681,0.980975891438569,1.26659111110431,1.58323888888039
"Moussa Niakhate","Ligue 1",28,"2","Standard Build-up Distributor",2.55246545267973,1.73148980258694,0.689166462323277,1.29563294916776
"Pablo Marí","Serie A",30,"3","High-Intensity Ball-Winner",2.55069972048984,0.822556625565152,2.09441994686301,1.17287517024329
"Lorenzo Pirola","Serie A",21,"1","Limited / Reactive Defender",2.55026339886616,1.11320016668658,1.0468295012595,1.63305402196482
"Jonathan Tah","Bundesliga",28,"2","Standard Build-up Distributor",2.54266162403867,1.96654656374056,0.803532544659518,0.424086620792524
"Wesley Fofana","Premier League",23,"2","Standard Build-up Distributor",2.53364096185192,1.50210551985205,0.946353191553721,0.87875653501417
"Jakov Medić","Bundesliga",25,"1","Limited / Reactive Defender",2.53204008489318,0.61436944089207,1.36406267863579,0.806037037375696
"Ismaël Traoré","Ligue 1",36,"1","Limited / Reactive Defender",2.52684555793137,0.487144622495329,1.36642529231416,0.865402685132303
"Brendan Chardonnet","Ligue 1",29,"1","Limited / Reactive Defender",2.52073536476169,0.838501338169365,1.13260222333989,1.75748620863086
"Danilo D'Ambrosio","Serie A",35,"2","Standard Build-up Distributor",2.52020369659041,1.37935676830394,1.00093314003867,1.86840852807219
"Denis Vavro","Bundesliga",28,"2","Standard Build-up Distributor",2.51716567462039,1.40660081518224,1.40753147157046,0.798869213594047
"Marvin Friedrich","Bundesliga",28,"2","Standard Build-up Distributor",2.51488874039513,1.56707087675595,0.432704405831384,1.29811321749415
"Aritz Elustondo","La Liga",30,"2","Standard Build-up Distributor",2.511165365387,1.53305534518212,0.716983154779989,1.30360573596362
"Manuel Gulde","Bundesliga",32,"1","Limited / Reactive Defender",2.50665132727988,1.31906690602709,1.04346700289824,1.5443311642894
"Yunis Abdelhamid","Ligue 1",36,"1","Limited / Reactive Defender",2.50285599515769,0.837788820893148,1.26641856325142,1.53779396966244
"Gabriel Paulista","La Liga",32,"1","Limited / Reactive Defender",2.50277913851577,0.818482629217796,1.49975852832973,0.624899386804054
"Martin Erlic","Serie A",25,"1","Limited / Reactive Defender",2.50154010819043,1.15658496089697,0.94336326604354,1.24658717298611
"Alessio Romagnoli","Serie A",29,"1","Limited / Reactive Defender",2.49352955439421,1.23420257168847,0.886063954288027,1.63581037714713
"Gautier Lloris","Ligue 1",29,"1","Limited / Reactive Defender",2.49317290197077,1.31040681131009,0.960421551702791,1.92084310340558
"Carl Starfelt","La Liga",29,"1","Limited / Reactive Defender",2.48571109934287,1.12979487970894,1.23587584619906,1.59467851122459
"Amir Rrahmani","Serie A",30,"2","Standard Build-up Distributor",2.48536124744001,2.0837587853075,0.622772119395675,0.899559728015975
"Marc-Oliver Kempf","Serie A",29,"2","Standard Build-up Distributor",2.48460121082895,1.32105080513596,1.10584554890652,1.00531413536957
"Ardian Ismajli","Serie A",27,"3","High-Intensity Ball-Winner",2.47902316536405,0.530874907554395,2.19788756077255,1.17743976469958
"Christian Kabasele","Serie A",33,"2","Standard Build-up Distributor",2.47470529624851,1.56502116757978,1.1837268546371,1.43738260920219
"Nacho","La Liga",33,"2","Standard Build-up Distributor",2.47222119298711,1.29359058819146,0.875839809005355,0.875839809005355
"Danilho Doekhi","Bundesliga",26,"1","Limited / Reactive Defender",2.47135722651818,1.22603640521461,1.41116624035623,1.18666252029956
"Sepp Van Den Berg","Premier League",22,"1","Limited / Reactive Defender",2.47040542081872,1.16035024246923,0.767264794064788,1.42492033183461
"Jorge Sáenz","La Liga",27,"1","Limited / Reactive Defender",2.45893529212206,0.78850395074972,1.29849563320984,1.92177353715057
"Niklas Stark","Bundesliga",29,"1","Limited / Reactive Defender",2.45887300823251,1.03390884646066,1.51243053773092,1.38639465958667
"Gianluca Mancini","Serie A",27,"2","Standard Build-up Distributor",2.45163644108156,2.02137547867459,0.931626988371626,0.879869933462091
"Simon Kjær","Serie A",34,"2","Standard Build-up Distributor",2.43818646575269,1.58242082452359,0.777946869525961,1.33362320490165
"Gaby Jean","Serie A",24,"1","Limited / Reactive Defender",2.43013573151555,1.14336867124585,0.649418562698927,1.01020665308722
"Bafodé Diakité","Ligue 1",23,"1","Limited / Reactive Defender",2.42873463560863,1.21336494824754,0.753893294760736,0.865581190280845
"Levi Colwill","Premier League",21,"2","Standard Build-up Distributor",2.42866274632574,1.55580296592506,0.8302217492295,1.18243703678141
"Enrico Del Prato","Serie A",24,"1","Limited / Reactive Defender",2.42472469676156,1.07022759780552,0.630620920448599,1.09528896709494
"Matthijs De Ligt","Premier League",24,"1","Limited / Reactive Defender",2.40918818076068,0.987184380227969,1.44798158132553,1.31634689211412
"James Tarkowski","Premier League",31,"1","Limited / Reactive Defender",2.40749420315859,1.04498691106711,1.1704183413465,1.82699448405307
"Abdel Abqar","La Liga",25,"1","Limited / Reactive Defender",2.40431646197909,1.29184049356315,1.30078663204937,1.20072612189173
"Charlie Cresswell","Ligue 1",21,"1","Limited / Reactive Defender",2.3970874159522,0.978281604056803,0.968628387173201,1.2107854839665
"Patric","Serie A",30,"2","Standard Build-up Distributor",2.3945130827374,1.51954670427489,0.339776533561654,0.736182489383585
"Francesco Acerbi","Serie A",36,"2","Standard Build-up Distributor",2.3838014088913,1.62296429771594,1.20405429234018,1.06512495091631
"Jon Pacheco","La Liga",22,"2","Standard Build-up Distributor",2.38342071152214,1.32061783025238,0.622330785484596,1.55582696371149
"Sokratis Papastathopoulos","La Liga",35,"1","Limited / Reactive Defender",2.37805088025346,0.407793746812748,0.519649585007272,1.81877354752545
"Radu Drăgușin","Premier League",22,"1","Limited / Reactive Defender",2.37517207469945,1.18328051283447,1.10730128052443,0.738200853682951
"Antonio Rüdiger","La Liga",31,"2","Standard Build-up Distributor",2.37350894205754,1.63589726139733,0.333744283396628,0.741653963103618
"Catena","La Liga",29,"1","Limited / Reactive Defender",2.37269902217384,1.08184135398667,1.04084103739455,1.36796250628998
"Fikayo Tomori","Serie A",26,"2","Standard Build-up Distributor",2.36325850770355,1.52589209567172,0.81694537190826,1.63389074381652
"Botond Balogh","Serie A",22,"1","Limited / Reactive Defender",2.35397725134316,0.695091334380152,1.1910938117274,1.71517508888745
"Alberto Dossena","Serie A",25,"1","Limited / Reactive Defender",2.3524322549943,0.757570157061865,1.05636022297372,1.58454033446058
"Ben Davies","Premier League",31,"2","Standard Build-up Distributor",2.35151317634098,1.58925761308534,0.833262932061055,1.18045582041983
"Chumi","La Liga",24,"1","Limited / Reactive Defender",2.34831306484425,1.0568605726169,0.542514508301768,1.31753523444715
"Sebastiano Luperto","Serie A",27,"1","Limited / Reactive Defender",2.34329063916874,1.20389453073091,0.793916413438191,1.15478751045555
"Stefan De Vrij","Serie A",32,"2","Standard Build-up Distributor",2.34095765759849,1.58723487396076,1.05525125496344,0.825848808232256
"Craig Dawson","Premier League",34,"1","Limited / Reactive Defender",2.3283691428328,0.892454439344209,0.907519000217858,1.51253166702976
"Miloš Veljković","Bundesliga",28,"2","Standard Build-up Distributor",2.32807383235595,2.29097379071539,0.171967320616635,0.859836603083173
"Andreas Hanche-Olsen","Bundesliga",27,"1","Limited / Reactive Defender",2.32742289180429,0.936577520746031,0.872826952470586,1.52744716682353
"Wout Faes","Premier League",26,"1","Limited / Reactive Defender",2.31861583945465,1.1239617610398,0.872717500232214,1.40977442345204
"Matthias Ginter","Bundesliga",30,"2","Standard Build-up Distributor",2.31546193746988,1.60414358712909,0.633870552810953,1.00084824128045
"Simone Romagnoli","Serie A",33,"1","Limited / Reactive Defender",2.31468665472532,0.59186876895597,1.09834632448149,1.3255903916156
"Jannik Vestergaard","Premier League",31,"1","Limited / Reactive Defender",2.30952883372427,0.842580709022237,1.08685495245421,1.49442555962454
"Jubal","Ligue 1",30,"1","Limited / Reactive Defender",2.30432395735613,0.462672318867616,0.886883347528133,2.12852003406752
"Raúl Asencio","La Liga",21,"1","Limited / Reactive Defender",2.29657386815232,0.695521430931238,0.813954121901983,1.11918691761523
"Adam Masina","Serie A",30,"2","Standard Build-up Distributor",2.29526157311286,1.48755274792872,0.879409747667051,1.07483413603751
"Robin Le Normand","La Liga",27,"1","Limited / Reactive Defender",2.28953711810108,0.995266441831162,0.451269059206895,1.21842645985862
"Jordan Lefort","Ligue 1",30,"1","Limited / Reactive Defender",2.28883141673772,1.05573881866971,0.8873324477085,1.44191522752631
"Marko Ivezić","Bundesliga",22,"1","Limited / Reactive Defender",2.2883198716333,0.87392149072376,1.17124106126726,1.25799965839817
"Armando Izzo","Serie A",32,"1","Limited / Reactive Defender",2.28280542646387,1.19878691400545,1.35033485216716,1.20029764637081
"Jake O'Brien","Ligue 1",22,"1","Limited / Reactive Defender",2.27113271798811,1.1508289134981,0.380650288147219,0.697858861603235
"Julien Laporte","Ligue 1",29,"1","Limited / Reactive Defender",2.27049670874227,1.06019737317896,0.544900166796809,1.13933671239333
"David Zec","Bundesliga",24,"1","Limited / Reactive Defender",2.26664010357158,0.889260510780163,0.792960065730224,1.07282832422324
"Kialonda","Serie A",26,"1","Limited / Reactive Defender",2.26567404952817,0.628534950342587,1.49484737151926,1.58827533223921
"Juan Jesus","Serie A",33,"2","Standard Build-up Distributor",2.25880670319386,1.56188605049586,0.658337007654149,1.82871391015041
"Florent Ogier","Ligue 1",34,"1","Limited / Reactive Defender",2.25434964571108,0.723956661928,0.822353991203024,1.73608064809527
"Taylor Harwood-Bellis","Premier League",22,"2","Standard Build-up Distributor",2.25292601825878,1.83635199172991,0.680102332357358,0.634762176866867
"Luca Ranieri","Serie A",25,"1","Limited / Reactive Defender",2.24207233408816,1.20994626889179,0.838695497835968,1.25804324675395
"Juan Cruz Armada","La Liga",32,"2","Standard Build-up Distributor",2.23985979427257,1.33246679803752,0.55143447224354,1.59303291981467
"César Montes","La Liga",26,"1","Limited / Reactive Defender",2.23797605147608,1.08950465466603,0.580268594010528,1.16053718802106
"Jack Stephens","Premier League",30,"2","Standard Build-up Distributor",2.23625662440891,1.78882177897102,0.599394244200239,1.56764648483139
"Guillermo Maripán","Serie A",30,"2","Standard Build-up Distributor",2.23606162581917,1.52374607205986,1.0951421262535,1.06843134268634
"Edoardo Goldaniga","Serie A",30,"2","Standard Build-up Distributor",2.23565362582528,1.28823673613913,1.14209562021744,1.17670457840585
"Jarrad Branthwaite","Premier League",22,"1","Limited / Reactive Defender",2.22725317209388,0.976222285564024,0.896921687231697,1.1958955829756
"César Tárrega","La Liga",22,"1","Limited / Reactive Defender",2.21943063368612,1.04837545281381,0.635142284882534,1.41463508905655
"Ko Itakura","Bundesliga",27,"1","Limited / Reactive Defender",2.21856919972174,1.09865530302157,0.858957018371519,1.22708145481646
"Saidou Sow","Ligue 1",22,"1","Limited / Reactive Defender",2.21845725714055,0.54235391724821,1.42567974186773,0.855407845120635
"Santiago Bueno","Premier League",25,"1","Limited / Reactive Defender",2.21576083024432,0.53503169564922,0.870579874739715,2.37958499095522
"Daniele Rugani","Serie A",29,"1","Limited / Reactive Defender",2.20789253889465,1.32756464449636,0.664765631763799,0.81249132771131
"Issa Diop","Premier League",27,"1","Limited / Reactive Defender",2.20328151224024,0.783657939049847,0.604619376232612,1.74667819800532
"Ethan Pinnock","Premier League",31,"1","Limited / Reactive Defender",2.20271586977987,0.830152519602795,1.18536136656055,1.7286519929008
"Juan Berrocal","La Liga",25,"1","Limited / Reactive Defender",2.19866675218937,0.786930755182093,1.26390191415354,1.1796417865433
"David López","La Liga",34,"2","Standard Build-up Distributor",2.19609885250385,1.95682342053952,0.404202666194623,0.923891808444854
"Aitor Paredes","La Liga",24,"1","Limited / Reactive Defender",2.19197382035149,0.889593402175048,1.15024922924553,0.784260838121953
"Trevoh Chalobah","Premier League",25,"2","Standard Build-up Distributor",2.18333994446733,1.49365419642843,0.870585510597301,0.957644061657031
"Gabriel Osho","Ligue 1",25,"1","Limited / Reactive Defender",2.17862440731068,1.05489293012202,0.679479188626149,1.30233511153345
"Domingos Duarte","La Liga",29,"1","Limited / Reactive Defender",2.17073791173583,0.866796417660508,0.867258354865118,1.34906855201241
"Jakub Kiwior","Premier League",24,"2","Standard Build-up Distributor",2.1582095705242,1.59313049200157,0.416799109736804,1.52826340236828
"Christopher Jullien","Ligue 1",30,"1","Limited / Reactive Defender",2.14096320928419,0.725737399635027,0.850436399696095,1.13391519959479
"Duje Ćaleta-Car","Ligue 1",27,"1","Limited / Reactive Defender",2.13975420207034,1.01764093733661,0.806498792853165,0.948822109239017
"Malick Thiaw","Serie A",22,"2","Standard Build-up Distributor",2.13865975492277,1.80358016690025,0.54044600392436,0.864713606278975
"Andrea Carboni","Serie A",23,"1","Limited / Reactive Defender",2.13773889164988,0.903823005870258,0.900428671390335,2.00095260308963
"Juan Herzog","La Liga",21,"1","Limited / Reactive Defender",2.13559497528042,0.638647009013981,1.3468193000069,0.897879533337932
"Christoph Klarer","Bundesliga",23,"1","Limited / Reactive Defender",2.13146437291333,1.10552809995093,0.676949788312463,1.19272105559815
"Pau Torres","Premier League",27,"4","Elite Progressive Distributor",2.12943427763741,2.16125160641338,0.353417073502529,0.74217585435531
"Jan Bednarek","Premier League",28,"1","Limited / Reactive Defender",2.1272084312141,0.853712409484411,1.41699182113702,0.910923313588085
"Yael Mouanga","Ligue 1",19,"1","Limited / Reactive Defender",2.12232320072574,0.914837052835753,0.923703383390843,1.29318473674718
"Jon Martin","La Liga",18,"2","Standard Build-up Distributor",2.11961618446756,1.4304582311374,0.735369187007352,1.15558015101155
"Obite N'Dicka","Serie A",24,"2","Standard Build-up Distributor",2.11030116058684,1.30540343693251,0.716403901706144,0.694694692563533
"Federico Fazio","Serie A",36,"1","Limited / Reactive Defender",2.10520466376,0.72681491789667,1.04386284053268,1.1052665370346
"Diego Carlos","Premier League",30,"1","Limited / Reactive Defender",2.10015347689793,1.12528841525985,0.511053543511916,1.06141889806321
"Gabriel Magalhães","Premier League",26,"2","Standard Build-up Distributor",2.08624619864582,1.94235552428234,0.527745635350198,0.824602555234684
"Giovanni Leoni","Serie A",17,"1","Limited / Reactive Defender",2.0565282870416,0.567486501215091,1.22367752901235,1.14209902707819
"Marash Kumbulla","La Liga",24,"1","Limited / Reactive Defender",2.04150872003024,0.869463330741893,1.00447788643477,1.50671682965215
"Dan Burn","Premier League",32,"1","Limited / Reactive Defender",2.02872735149748,0.88826272285639,0.769538482910905,1.11155558642686
"Lautaro Valenti","Serie A",25,"1","Limited / Reactive Defender",2.0217680481143,0.690767489556548,0.817200584606491,1.06864691833156
"Álex Suárez","La Liga",31,"1","Limited / Reactive Defender",2.02002595831398,0.780586695910327,0.519961064444849,1.59988019829184
"Copete","La Liga",24,"1","Limited / Reactive Defender",2.00952768646305,1.16403278855014,0.776465496656915,1.32455878841474
"Jorge Herrando","La Liga",23,"1","Limited / Reactive Defender",2.00141519319941,1.02758586500324,0.803065136737298,1.13767561037784
"Sergi","La Liga",32,"1","Limited / Reactive Defender",1.99491929905351,0.888121684226764,1.15771183205764,1.18739675082835
"Leandro Cabrera","La Liga",33,"1","Limited / Reactive Defender",1.99305763984389,0.932822754233674,0.918123227549298,1.22416430339906
"Conor Coady","Premier League",31,"1","Limited / Reactive Defender",1.97727804760253,0.652033298520205,0.716656873732113,0.716656873732113
"Javi Sánchez","La Liga",27,"1","Limited / Reactive Defender",1.97490629533568,0.665142612800842,0.999812174753573,1.18159620652695
"Jacob Greaves","Premier League",23,"1","Limited / Reactive Defender",1.96888663162493,1.19307276859,0.691885464698565,1.31787707561632
"Dara O'Shea","Premier League",25,"1","Limited / Reactive Defender",1.94998767175008,0.853633744960622,0.767899787053341,1.14021483532163
"Martin Valjent","La Liga",28,"2","Standard Build-up Distributor",1.94355343530127,1.32749898657718,0.454661536268161,0.757769227113602
"Federico Baschirotto","Serie A",27,"1","Limited / Reactive Defender",1.93957061051982,0.797970297035529,0.673555496933091,1.0835457994141
"Ezri Konsa","Premier League",26,"2","Standard Build-up Distributor",1.92077595712976,1.26801535994869,0.583571516464666,0.82672631499161
"Kurt Zouma","Premier League",28,"1","Limited / Reactive Defender",1.91760340923363,0.697370964496522,0.897523711555906,0.711829150544339
"Raúl Albiol","La Liga",38,"1","Limited / Reactive Defender",1.88799838437783,0.970178179096824,0.436842370913034,0.72807061818839
"Antonio Raillo","La Liga",32,"2","Standard Build-up Distributor",1.88498680436562,1.4639982284036,0.631096298315472,0.674620180957919
"Tosin Adarabioyo","Premier League",26,"1","Limited / Reactive Defender",1.86854669820975,1.05889011970441,0.618492616116322,0.955852224907044
"Abdoulaye Bamba","Ligue 1",34,"1","Limited / Reactive Defender",1.85548165895103,0.458727716516461,1.06766366949032,1.23624214362037
"Etienne Youte Kinkoue","Ligue 1",22,"1","Limited / Reactive Defender",1.8490822116225,1.04367547110931,0.977370167321075,0.640345971693118
"Nikola Milenković","Premier League",26,"1","Limited / Reactive Defender",1.83023838438101,0.578483142124934,0.732448229925113,1.38351332319188
"Willy Kambwala","La Liga",19,"1","Limited / Reactive Defender",1.82248694649098,0.526625156206516,0.774349054975656,1.31639339345861
"Matija Nastasić","La Liga",31,"1","Limited / Reactive Defender",1.81493551180132,0.910560132129391,0.873622938817391,1.04002730811594
"Tyrone Mings","Premier League",31,"2","Standard Build-up Distributor",1.80526356604405,1.38174846417002,0.446189055296942,0.446189055296942
"Saúl Coco","Serie A",25,"1","Limited / Reactive Defender",1.79099164439229,0.964140463380699,0.83484108077038,1.01059709777467
"Luca Caldirola","Serie A",32,"1","Limited / Reactive Defender",1.78753351132592,1.02507898395835,0.989712964718295,0.853200831653703
"Scott Mckenna","La Liga",27,"1","Limited / Reactive Defender",1.76293660278413,0.753039625178121,0.359097197791782,0.837893461514159
"Matteo Gabbia","Serie A",24,"2","Standard Build-up Distributor",1.75814534081391,1.28621149970726,0.45355273377667,0.634973827287338
"Michael Keane","Premier League",31,"1","Limited / Reactive Defender",1.73986808477746,0.497216889771884,1.2722778556728,0.954208391754599
"Cameron Burgess","Premier League",28,"1","Limited / Reactive Defender",1.73663374309477,1.0125183123924,0.660007549063524,0.801437738148565
"Luke Woolfenden","Premier League",25,"1","Limited / Reactive Defender",1.72205874517437,0.57984782943061,1.16285720477981,0.550827097000964
"David Torres","La Liga",21,"1","Limited / Reactive Defender",1.71847788975319,1.10057165048566,0.663832819705951,0.862982665617736
"Emmanuel Biumla","Ligue 1",19,"1","Limited / Reactive Defender",1.69322078247703,0.464007094679083,0.508090810252247,1.20671567434909
