"Player","Squad","League","Age","role_profile","scouting_score"
"Eduardo Camavinga","Real Madrid","La Liga",21,"Elite Progressive CB",1.82344870254794
"Soungoutou Magassa","Monaco","Ligue 1",19,"Elite Progressive CB",1.78638516469864
"João Neves","Paris S-G","Ligue 1",19,"Elite Progressive CB",1.73029821822118
"Alphonso Davies","Bayern Munich","Bundesliga",23,"Elite Progressive CB",1.70433837226244
"Mats Wieffer","Brighton","Premier League",24,"Elite Progressive CB",1.70407983811508
"Nico Schlotterbeck","Dortmund","Bundesliga",24,"Elite Progressive CB",1.67499051531909
"Josip Stanišić","Leverkusen","Bundesliga",23,"Elite Progressive CB",1.57198248735477
"Destiny Udogie","Tottenham","Premier League",21,"Elite Progressive CB",1.46966599588463
"Moisés Caicedo","Chelsea","Premier League",22,"Elite Progressive CB",1.37857632299272
"Malo Gusto","Chelsea","Premier League",21,"Elite Progressive CB",1.30576078675542
"Warren Zaïre-Emery","Paris S-G","Ligue 1",18,"Elite Progressive CB",1.28362131546567
"Nuno Mendes","Paris S-G","Ligue 1",22,"Elite Progressive CB",1.26827384045981
"Wilfried Singo","Monaco","Ligue 1",23,"Elite Progressive CB",1.24547479441738
"Krépin Diatta","Monaco","Ligue 1",24,"Elite Progressive CB",1.19337801239912
"Niels Nkounkou","Eint Frankfurt","Bundesliga",22,"Elite Progressive CB",1.14331582863111
"Bradley Locko","Brest","Ligue 1",21,"Elite Progressive CB",1.13550332937631
"Beñat Prados","Athletic Club","La Liga",22,"Elite Progressive CB",1.12966903180331
"Joško Gvardiol","Manchester City","Premier League",22,"Elite Progressive CB",1.09084295904818
"Alidu Seidu","Clermont Foot","Ligue 1",23,"Defensive Stopper",1.08867849246053
"Nuno Tavares","Lazio","Serie A",24,"Elite Progressive CB",1.08502007639894
"Vanderson","Monaco","Ligue 1",23,"Elite Progressive CB",1.06034151235374
"Valentín Barco","Strasbourg","Ligue 1",20,"Elite Progressive CB",1.05802833395447
"Djed Spence","Tottenham","Premier League",23,"Elite Progressive CB",1.05377202919073
"Curtis Jones","Liverpool","Premier League",23,"Ball Progressor",0.991343132952861
"Valentino Livramento","Newcastle Utd","Premier League",21,"Elite Progressive CB",0.975673637382733
"Paul Joly","Auxerre","Ligue 1",24,"Elite Progressive CB",0.972357408569117
"Matteo Ruggeri","Atalanta","Serie A",22,"Elite Progressive CB",0.967673790373656
"Ian Maatsen","Dortmund","Bundesliga",22,"Elite Progressive CB",0.927356903821452
"Lucas Beraldo","Paris S-G","Ligue 1",20,"Defensive Stopper",0.918891595446704
"Yan Couto","Girona","La Liga",21,"Elite Progressive CB",0.914011667553822
"Jarell Quansah","Liverpool","Premier League",20,"Elite Progressive CB",0.91219553292789
"Odilon Kossounou","Leverkusen","Bundesliga",23,"Elite Progressive CB",0.890728216466414
"Eric García","Girona","La Liga",23,"Ball Progressor",0.887771576882383
"Fran Garcia","Real Madrid","La Liga",24,"Elite Progressive CB",0.883553034637997
"Nicolas Seiwald","RB Leipzig","Bundesliga",23,"Elite Progressive CB",0.881691614930396
"Riccardo Calafiori","Bologna","Serie A",22,"Defensive Stopper",0.818471533820707
"Piero Hincapié","Leverkusen","Bundesliga",22,"Ball Progressor",0.804764109098017
"Fabiano Parisi","Fiorentina","Serie A",23,"Elite Progressive CB",0.802865471977351
"Jan Paul Van Hecke","Brighton","Premier League",24,"Ball Progressor",0.799436770972841
"Melvin Bard","Nice","Ligue 1",23,"Defensive Stopper",0.798426847446742
"Samuel Lino","Atlético Madrid","La Liga",24,"Elite Progressive CB",0.781029762753366
"Guela Doué","Strasbourg","Ligue 1",21,"Elite Progressive CB",0.772995894505761
"Giorgio Scalvini","Atalanta","Serie A",19,"Defensive Stopper",0.764335289953139
"Formose Mendy","Lorient","Ligue 1",22,"Defensive Stopper",0.74920175171802
"Warmed Omari","Rennes","Ligue 1",23,"Elite Progressive CB",0.747368010000611
"Arnau Martinez","Girona","La Liga",21,"Ball Progressor",0.74636215432304
"Mario Gila","Lazio","Serie A",23,"Elite Progressive CB",0.741032242878611
"Aurélien Tchouaméni","Real Madrid","La Liga",24,"Elite Progressive CB",0.734419427091015
"Pedro Porro","Tottenham","Premier League",24,"Elite Progressive CB",0.705311157028268
"Rico Lewis","Manchester City","Premier League",19,"Ball Progressor",0.696298790640651
"Willian Pacho","Paris S-G","Ligue 1",22,"Defensive Stopper",0.695878110531965
"Dan-Axel Zagadou","Stuttgart","Bundesliga",24,"Defensive Stopper",0.693024985851854
"Matìas Soulé","Roma","Serie A",21,"Ball Progressor",0.687424615294469
"Lutsharel Geertruida","RB Leipzig","Bundesliga",24,"Elite Progressive CB",0.685110937829206
"Jérémy Jacquet","Rennes","Ligue 1",19,"Defensive Stopper",0.683174316728343
"Lewis Hall","Newcastle Utd","Premier League",19,"Elite Progressive CB",0.682562109662575
"Quentin Merlin","Nantes","Ligue 1",22,"Elite Progressive CB",0.672319918369409
"Juanlu Sánchez","Sevilla","La Liga",20,"Elite Progressive CB",0.669038380195482
"Arthur Theate","Rennes","Ligue 1",24,"Ball Progressor",0.622502289709343
"Yannik Engelhardt","Como","Serie A",23,"Possession Defender",0.599418321137062
"El Chadaille Bitshiabu","RB Leipzig","Bundesliga",19,"Elite Progressive CB",0.598455721043677
"Jean-Clair Todibo","West Ham","Premier League",24,"Defensive Stopper",0.596494255495337
"Sael Kumbedi","Lyon","Ligue 1",19,"Defensive Stopper",0.59400539891248
"Tiago Santos","Lille","Ligue 1",21,"Elite Progressive CB",0.593888608728846
"Abdukodir Khusanov","Lens","Ligue 1",20,"Defensive Stopper",0.590510264723337
"Alexsandro Ribeiro","Lille","Ligue 1",24,"Possession Defender",0.588740400413524
"Julian Araujo","Las Palmas","La Liga",21,"Elite Progressive CB",0.586058291175058
"Micky Van De Ven","Tottenham","Premier League",23,"Possession Defender",0.584931768724824
"Thierry Correia","Valencia","La Liga",24,"Defensive Stopper",0.58057544908757
"Mohamed Simakan","RB Leipzig","Bundesliga",23,"Balanced Defender",0.572926530369598
"Christian Mawissa","Toulouse","Ligue 1",19,"Defensive Stopper",0.565012153128553
"Nnamdi Collins","Eint Frankfurt","Bundesliga",20,"Balanced Defender",0.545408452333564
"Jurriën Timber","Arsenal","Premier League",23,"Ball Progressor",0.54296433617852
"Castello Lukeba","RB Leipzig","Bundesliga",21,"Possession Defender",0.540832848898469
"Dean Huijsen","Bournemouth","Premier League",19,"Ball Progressor",0.525507611662783
"Takehiro Tomiyasu","Arsenal","Premier League",24,"Ball Progressor",0.524507234739751
"Adam Obert","Cagliari","Serie A",21,"Defensive Stopper",0.524017660108895
"Alejandro Francés","Girona","La Liga",21,"Ball Progressor",0.511143579618881
"Rayan Aït-Nouri","Wolves","Premier League",23,"Balanced Defender",0.510893395867791
"Darlin Yongwa","Lorient","Ligue 1",22,"Defensive Stopper",0.498143593744038
"Lorenz Assignon","Rennes","Ligue 1",24,"Elite Progressive CB",0.493832598014352
"Hiroki Ito","Stuttgart","Bundesliga",24,"Ball Progressor",0.485933486005428
"Lilian Brassier","Rennes","Ligue 1",24,"Balanced Defender",0.483162583170301
"Anthony Oyono","Frosinone","Serie A",22,"Defensive Stopper",0.477875481215933
"Reece James","Chelsea","Premier League",24,"Ball Progressor",0.474129196178224
"Myles Lewis-Skelly","Arsenal","Premier League",17,"Ball Progressor",0.466874547196069
"Jon Aramburu","Real Sociedad","La Liga",22,"Defensive Stopper",0.462336989891494
"Abakar Sylla","Strasbourg","Ligue 1",21,"Defensive Stopper",0.458372149108996
"Strahinja Pavlović","Milan","Serie A",23,"Ball Progressor",0.45475559949615
"Álex Valle","Como","Serie A",20,"Balanced Defender",0.451808659149923
"William Saliba","Arsenal","Premier League",23,"Possession Defender",0.449890224626878
"Andrea Cambiaso","Juventus","Serie A",24,"Ball Progressor",0.445918277776966
"Pierre Kalulu","Juventus","Serie A",24,"Ball Progressor",0.436828278843028
"Rodrigo Riquelme","Atlético Madrid","La Liga",23,"Elite Progressive CB",0.430017464707346
"Warren Kamanzi","Toulouse","Ligue 1",23,"Balanced Defender",0.418188698271081
"Pau Cubarsí","Barcelona","La Liga",17,"Ball Progressor",0.418002984131958
"Dango Ouattara","Bournemouth","Premier League",21,"Defensive Stopper",0.414322558681332
"Miguel Gutiérrez","Girona","La Liga",23,"Ball Progressor",0.402051248221363
"Jordy Makengo","Freiburg","Bundesliga",21,"Ball Progressor",0.400920833020628
"Álex Jiménez","Milan","Serie A",19,"Balanced Defender",0.399275727967264
