"replication","spearman_corr","top10_overlap"
1,0.978229078634758,0.9
2,0.987649664627352,0.9
3,0.993417853458421,0.9
4,0.976964623009248,0.9
5,0.999561427553314,1
6,0.998085873339423,1
7,0.999561427553314,1
8,0.994521226265648,0.9
9,0.999325766060046,0.9
10,0.970496035404757,0.8
11,0.997867833060531,1
12,0.985485281124226,0.9
13,0.851057842437153,0.5
14,0.993388306775731,0.9
15,0.99972464627637,1
16,0.998170419570014,1
17,0.992474673509156,0.9
18,0.991252579994974,0.9
19,0.986026377000008,0.9
20,0.965233878012783,0.8
21,0.989331867628014,0.9
22,0.999398742806451,1
23,0.99165679997323,0.9
24,0.987609972396991,0.9
25,0.998558798254539,1
26,0.969867723417419,0.8
27,0.999466379790923,1
28,0.982626550577869,0.9
29,0.994161326311428,0.9
30,0.981515702103937,1
31,0.931320871990243,0.8
32,0.99613792818661,0.9
33,0.932231479391723,0.8
34,0.991186366947016,0.9
35,0.963821688973819,0.9
36,0.994166132097167,0.9
37,0.989149247769938,0.9
38,0.999387529306393,1
39,0.98616111699276,0.9
40,0.995726766517842,0.9
41,0.9982579916657,0.9
42,0.98778422662804,0.9
43,0.968354790870004,0.9
44,0.993452383918915,0.9
45,0.995807218930951,0.9
46,0.992693959732499,0.9
47,0.991141512946787,0.9
48,0.947241372190662,0.8
49,0.991213421740805,0.9
50,0.983511527122075,0.9
51,0.99123584874092,0.9
52,0.991671039338382,0.9
53,0.998623231381852,1
54,0.920564811538442,0.7
55,0.997484794137938,1
56,0.996018851495525,0.9
57,0.998836999851199,1
58,0.959308344196782,0.8
59,0.949879392577161,0.8
60,0.903637410229702,0.7
61,0.960792976005958,0.9
62,0.979573630689249,0.9
63,0.996418621672171,0.9
64,0.876014465771058,0.6
65,0.974993004911869,0.9
66,0.983445136082053,0.9
67,0.999128550852689,0.9
68,0.997269423740012,0.9
69,0.993791102817472,1
70,0.998228444983009,0.9
71,0.980524286305219,0.9
72,0.997086269905743,0.9
73,0.98141513658755,0.9
74,0.966667604091539,0.8
75,0.966111556882348,0.8
76,0.996548021902992,0.9
77,0.96508294074217,0.8
78,0.964848703185417,0.8
79,0.994014838842425,0.9
80,0.964474741858109,0.9
81,0.950884869748967,0.8
82,0.995761652962464,0.9
83,0.991726216878347,0.9
84,0.996786175285161,1
85,0.919008626919377,0.7
86,0.999194051932389,1
87,0.986968666988951,0.9
88,0.957551740513201,0.9
89,0.995411186587657,0.9
90,0.999123389082821,0.9
91,0.996061213606853,0.9
92,0.99453991543241,0.9
93,0.99762113605927,0.9
94,0.99825478780854,0.9
95,0.928617884500238,0.8
96,0.99442706846358,1
97,0.996688813625933,0.9
98,0.978668541041766,0.8
99,0.994890915783411,0.9
100,0.982561405482298,0.9
101,0.994049903279112,0.9
102,0.996128672599261,0.9
103,0.999289277686844,0.9
104,0.996199335448828,0.9
105,0.993951117683369,0.9
106,0.994640658940862,0.9
107,0.953542647254615,0.9
108,0.992327296079832,0.9
109,0.982100584027562,0.9
110,0.998107944355409,0.9
111,0.837427566129392,0.5
112,0.997798594147479,1
113,0.994748166147761,0.9
114,0.998346987697901,1
115,0.996077232892649,0.9
116,0.993824743317644,0.9
117,0.990595967269395,0.9
118,0.948111753385587,0.8
119,0.990078900322308,0.9
120,0.949128088073321,0.8
121,0.997129521977392,0.9
122,0.959249428823465,0.9
123,0.985440249131933,0.9
124,0.9424366544042,0.8
125,0.983106951159689,0.9
126,0.991172839550121,0.9
127,0.955548617820423,0.9
128,0.97949762807775,0.8
129,0.999203307519738,1
130,0.999385037417492,1
131,0.925881968478317,0.8
132,0.992792923320307,0.9
133,0.966319095629441,0.8
134,0.982392846997309,0.9
135,0.998060242482149,0.9
136,0.834599450218111,0.5
137,0.989189829960621,0.9
138,0.971629666862933,0.9
139,0.999450004520998,0.9
140,0.953263199713504,0.8
141,0.998968002010598,0.9
142,0.988162281772829,0.9
143,0.9946559662584,0.9
144,0.999032079153783,0.9
145,0.909965918079508,0.7
146,0.963354637796829,0.9
147,0.963381158614424,0.9
148,0.986538816153421,0.9
149,0.947780510153735,0.8
150,0.965849552563549,0.9
151,0.99731908352598,0.9
152,0.991079037732182,0.9
153,0.968121087289444,0.9
154,0.991851879275814,0.9
155,0.932698886552842,0.8
156,0.973696510714766,0.8
157,0.904465785297428,0.7
158,0.990322037482281,0.9
159,0.965723534181952,0.9
160,0.981243018261274,0.9
161,0.988015260327634,0.9
162,0.99892279202624,0.9
163,0.992320888365513,0.9
164,0.999803140776772,1
165,0.987040397790905,0.9
166,0.990568734483542,0.9
167,0.913098400420916,0.7
168,0.9995624955057,0.9
169,0.999864904023119,1
170,0.998859960827506,1
171,0.997771539353689,0.9
172,0.866840932763854,0.6
173,0.993187175742957,0.9
174,0.948940484437442,0.8
175,0.980515208709935,0.8
176,0.983279069485966,0.9
177,0.981896783113822,0.8
178,0.997646944908608,0.9
179,0.985053294383923,0.9
180,0.936096043094015,0.8
181,0.991224991224991,0.9
182,0.986420095446465,0.9
183,0.978549286358617,0.9
184,0.997761749790147,0.9
185,0.99726568590666,0.9
186,0.983058893302301,0.9
187,0.991010866771516,0.9
188,0.999096156296968,0.9
189,0.981557530239072,0.8
190,0.990864379302513,0.9
191,0.999731231982753,1
192,0.972209387016689,0.8
193,0.98904138457891,0.9
194,0.997517188693659,0.9
195,0.996489462513803,0.9
196,0.982152201726238,0.9
197,0.999531524886494,1
198,0.997398289994639,0.9
199,0.99670162905457,0.9
200,0.989521251184537,0.9
201,0.968705257244811,0.8
202,0.986413865724211,0.9
203,0.981392531595371,0.9
204,0.96767165732683,0.9
205,0.997910373163923,0.9
206,0.974294564051156,0.8
207,0.924179652374379,0.7
208,0.996946546135187,0.9
209,0.992269270666837,0.9
210,0.986895156266353,0.9
211,0.947072635713609,0.8
212,0.934939450659532,0.7
213,0.990382732776242,0.9
214,0.937302651298595,0.8
215,0.993126124464867,0.9
216,0.980946127497852,0.9
217,0.999271478480403,0.9
218,0.998762065192086,0.9
219,0.990521566586475,0.9
220,0.98549596064809,0.9
221,0.991178357304118,0.9
222,0.999235702075459,0.9
223,0.99664662950667,0.9
224,0.960230165098319,0.8
225,0.978521163612441,0.8
226,0.993047985948594,0.9
227,0.987661946079796,0.9
228,0.971577871172192,0.8
229,0.95511057934993,0.9
230,0.973059299124208,0.8
231,0.985476381521006,0.9
232,0.97457329962401,0.9
233,0.975708177026635,0.9
234,0.985789825546418,0.9
235,0.941313168493696,0.7
236,0.951289623703417,0.8
237,0.998914426399213,1
238,0.904828889108808,0.7
239,0.945375837363667,0.8
240,0.991292628209464,0.9
241,0.998873132240272,0.9
242,0.999522091307081,1
243,0.971162081709749,0.8
244,0.973449279737312,0.9
245,0.98511381168582,0.9
246,0.997601022955993,0.9
247,0.854539011232723,0.5
248,0.976713832190506,0.9
249,0.985302305282021,0.9
250,0.995061076196979,0.9
251,0.960155230439206,0.8
252,0.990327733228342,0.9
253,0.999172158908467,1
254,0.980364093447258,0.8
255,0.999317756417148,0.9
256,0.964658251676507,0.8
257,0.978158415785191,0.9
258,0.988970543737278,0.9
259,0.930579713034074,0.6
260,0.998513944254309,1
261,0.983511883106204,0.9
262,0.99910594586051,1
263,0.967767595049542,0.8
264,0.883839708890419,0.6
265,0.962563819054691,0.8
266,0.999014457939407,0.9
267,0.998984021296395,0.9
268,0.939915218819884,0.8
269,0.99588927327264,0.9
270,0.979936022532371,0.9
271,0.973483098229549,0.9
272,0.998607924064314,1
273,0.999972055245889,1
274,0.989143374031812,0.9
275,0.972039226603121,0.9
276,0.936918366431551,0.8
277,0.999514971624505,1
278,0.978103772221419,0.9
279,0.978580256977823,0.9
280,0.979866961611383,0.9
281,0.982759866634106,0.8
282,0.982802584729562,0.8
283,0.995162175689559,0.9
284,0.979414149799545,0.8
285,0.996383557235484,0.9
286,0.973468502880268,0.9
287,0.97136873049652,0.9
288,0.993724889769514,0.9
289,0.982738151602249,0.9
290,0.90113875762963,0.7
291,0.998975299685239,1
292,0.994580853607223,0.9
293,0.99036689148251,0.9
294,0.993329213410349,0.9
295,0.996384091211677,0.9
296,0.998442569436484,0.9
297,0.999406574457284,1
298,0.965875005428758,0.9
299,0.995899596812376,0.9
300,0.960026186192515,0.8
301,0.897524450769887,0.6
302,0.99642787725952,0.9
303,0.9929794590038,0.9
304,0.992753053097881,0.9
305,0.997196624985672,1
306,0.986217184493047,0.9
307,0.982703265157626,0.9
308,0.983314311914718,0.9
309,0.988001020962481,0.9
310,0.990226455743697,0.9
311,0.994805835576627,0.9
312,0.999085654765168,0.9
313,0.954789125681621,0.8
314,0.998394333587031,0.9
315,0.973147227204022,0.9
316,0.998643522477194,0.9
317,0.987240460871292,0.9
318,0.996983212500454,0.9
319,0.852393672880488,0.5
320,0.986874865171011,0.9
321,0.999706313093737,1
322,0.957121533693542,0.9
323,0.986378801287523,0.9
324,0.92568030346935,0.8
325,0.994985785553737,0.9
326,0.977177323526208,0.9
327,0.987390864165712,0.9
328,0.993895050183083,0.9
329,0.990658620476065,0.9
330,0.99876224318415,1
331,0.988876207943145,0.9
332,0.966072042644051,0.8
333,0.956749174294813,0.8
334,0.999632268394946,1
335,0.858431519689126,0.5
336,0.989956441782,0.9
337,0.99643232706113,0.9
338,0.972065035452459,0.9
339,0.959557889071074,0.9
340,0.981643500406178,0.8
341,0.769305375289148,0.4
342,0.870653700775405,0.6
343,0.999081916931816,1
344,0.997431396518618,0.9
345,0.98609561591306,0.9
346,0.990053625449163,0.9
347,0.974375550440459,0.9
348,0.992927129336866,0.9
349,0.997732025115392,0.9
350,0.998665059516987,1
351,0.968276296369603,0.9
352,0.992683814184828,0.9
353,0.989695861399715,0.9
354,0.843267129778286,0.5
355,0.95895930175849,0.8
356,0.979483388712598,0.9
357,0.97622310806895,0.9
358,0.995028681641258,0.9
359,0.992272474523996,0.9
360,0.985945568602769,0.9
361,0.998885947668909,1
362,0.999085476773104,1
363,0.984022186354844,0.9
364,0.999833755411849,1
365,0.998681078802783,0.9
366,0.989650473423293,0.9
367,0.983368955478489,0.9
368,0.958137512397147,0.8
369,0.992790075447276,0.9
370,0.998113106125276,0.9
371,0.972737845455898,0.9
372,0.992308606913069,0.9
373,0.93345375089797,0.8
374,0.977788192291235,0.9
375,0.969611770828809,0.9
376,0.998384722015554,0.9
377,0.985505216235439,0.9
378,0.996881223047552,0.9
379,0.878322132886027,0.6
380,0.996391032902189,0.9
381,0.939163914316044,0.8
382,0.999042758677647,0.9
383,0.986208106897762,0.9
384,0.985841443245094,0.9
385,0.869104991823044,0.6
386,0.999755616895576,1
387,0.937460352267654,0.9
388,0.99251810357287,0.9
389,0.995752397375115,0.9
390,0.988797357458615,0.9
391,0.999355490734801,1
392,0.985417644139754,0.9
393,0.996737761443644,0.9
394,0.998284868467424,1
395,0.986075146825654,0.9
396,0.982605369522205,0.9
397,0.983499423661695,0.9
398,0.999367772187245,1
399,0.987811993390087,0.9
400,0.977786234378526,0.9
401,0.939443717841284,0.8
402,0.988051036732578,0.9
403,0.969758614281941,0.9
404,0.970415938975777,0.8
405,0.992031829252925,0.9
406,0.999943932499713,1
407,0.98774862821516,0.9
408,0.987529519983881,0.9
409,0.983201820930016,0.9
410,0.996752890769118,0.9
411,0.99987789744382,1
412,0.99801378655334,1
413,0.986229109961361,0.9
414,0.986768781900628,0.9
415,0.985068245717333,0.9
416,0.956242430887461,0.8
417,0.929790674212581,0.8
418,0.988426777980531,0.9
419,0.997795390290319,1
420,0.979220138449347,0.9
421,0.997406655621666,0.9
422,0.95762934505328,0.8
423,0.966208918541576,0.9
424,0.986931644639555,0.9
425,0.99243035348512,0.9
426,0.997961634878471,0.9
427,0.999326300036239,1
428,0.986709332551117,0.9
429,0.966259290295801,0.9
430,0.911193707339752,0.7
431,0.992662811121229,0.9
432,0.969881606798442,0.9
433,0.997014717095853,1
434,0.997835616496874,0.9
435,0.998663813572536,0.9
436,0.991571363782317,0.9
437,0.984569511952879,0.9
438,0.995387869627221,0.9
439,0.972359612319044,0.9
440,0.999804564713287,1
441,0.981962818169715,0.9
442,0.943144172860197,0.8
443,0.981398049349368,0.9
444,0.967202826229195,0.8
445,0.994727163084161,0.9
446,0.978169807277312,0.9
447,0.980352701955136,0.8
448,0.993333663211959,0.9
449,0.99472306926668,0.9
450,0.967770086938444,0.8
451,0.989780763614435,0.9
452,0.971071839733097,0.8
453,0.937715236903878,0.8
454,0.999018729748953,1
455,0.999624970720305,1
456,0.976558801102412,0.8
457,0.994145485017696,0.9
458,0.960282494765253,0.9
459,0.957241856329077,0.8
460,0.952594305535482,0.8
461,0.994953390998016,0.9
462,0.970656762238912,0.8
463,0.911837504636693,0.7
464,0.996027395114616,0.9
465,0.995463694246656,0.9
466,0.958764934424164,0.8
467,0.99283955724118,0.9
468,0.999177854654528,0.9
469,0.951975427127557,0.8
470,0.986803846337315,0.9
471,0.979756250547326,0.9
472,0.942771101493211,0.8
473,0.994707227972948,0.9
474,0.707232600741729,0.4
475,0.989911053805577,0.9
476,0.980749980242881,0.8
477,0.989644243701039,0.9
478,0.970540177436729,0.8
479,0.992504220191847,0.9
480,0.991338194177951,0.9
481,0.995937687114158,0.9
482,0.999694031641293,1
483,0.986443056422772,0.9
484,0.998486533476391,1
485,0.967720783136605,0.8
486,0.999053260209447,1
487,0.999643481895003,1
488,0.936223663404191,0.7
489,0.997578773947942,0.9
490,0.993003131948365,0.9
491,0.981006110823555,0.9
492,0.998878649994269,1
493,0.991355815392327,0.9
494,0.977788548275364,0.8
495,0.961675816645391,0.8
496,0.995522787612037,0.9
497,0.996547665918863,0.9
498,0.99470971986185,0.9
499,0.996622422585911,0.9
500,0.96172067064562,0.8
501,0.999877007483498,1
502,0.984415548817172,0.9
503,0.997504729249151,0.9
504,0.994881482203997,0.9
505,0.97806496995138,0.9
506,0.996970219079753,0.9
507,0.990249060735876,0.9
508,0.991845293569432,0.9
509,0.99540602481779,0.9
510,0.998404835118831,0.9
511,0.984347199864441,0.9
512,0.988842211458844,0.9
513,0.999518175481664,1
514,0.965202729401512,0.9
515,0.910079299024532,0.7
516,0.984937777534126,0.9
517,0.980677537472669,0.9
518,0.987561558555473,0.9
519,0.975759794725312,0.8
520,0.999783561649687,1
521,0.981283244467829,0.9
522,0.975748047249062,0.8
523,0.98509156267777,0.9
524,0.998298217872254,0.9
525,0.993416963498099,0.9
526,0.9626757760632,0.8
527,0.989672544439279,0.9
528,0.944471459684441,0.8
529,0.980659204290036,0.9
530,0.983173876175904,0.8
531,0.982580272641125,0.8
532,0.989012727856541,0.9
533,0.886512081745347,0.6
534,0.957826382268573,0.8
535,0.986424545248075,0.9
536,0.937773974285131,0.8
537,0.994177345597224,0.9
538,0.997639469241903,0.9
539,0.997167256295045,0.9
540,0.986204191072345,0.9
541,0.995120347554425,0.9
542,0.990828424905504,0.9
543,0.951148653988411,0.8
544,0.993331883291315,0.9
545,0.987691848746615,0.9
546,0.997716005829596,0.9
547,0.997953091259379,0.9
548,0.986308672414149,0.9
549,0.989909095892869,0.9
550,0.983000511905177,0.9
551,0.94870589089656,0.8
552,0.998079999601298,0.9
553,0.992488912874308,0.9
554,0.983027566698966,0.9
555,0.985834679546647,0.9
556,0.995608579787079,0.9
557,0.973298164474635,0.9
558,0.971705491482368,0.8
559,0.990591161483656,0.9
560,0.98413325340303,0.9
561,0.969881250814314,0.9
562,0.966091265787006,0.9
563,0.98952623496234,0.9
564,0.977055042977964,0.9
565,0.94890684393727,0.8
566,0.98716232235502,0.9
567,0.994224335502226,0.9
568,0.992444414858208,0.9
569,0.988502958584094,0.9
570,0.997228663557264,0.9
571,0.953322115086821,0.8
572,0.973177485854971,0.9
573,0.99920989322612,0.9
574,0.998030873791523,1
575,0.999460862036927,0.9
576,0.977528501869273,0.9
577,0.991202742216941,0.9
578,0.985502724346538,0.9
579,0.981492385143501,0.9
580,0.97876857258196,0.9
581,0.993047273980337,0.9
582,0.999786587514782,1
583,0.986629948090394,0.9
584,0.998774524636594,0.9
585,0.981666995358679,0.9
586,0.982735303729218,0.9
587,0.990088155909657,0.9
588,0.967104574609646,0.9
589,0.992058706054649,0.9
590,0.999348193060161,0.9
591,0.999545942243711,1
592,0.985161691551144,0.9
593,0.995744565724282,0.9
594,0.991982347459021,0.9
595,0.99649337833922,0.9
596,0.999041334741132,1
597,0.992512763810938,0.9
598,0.995917040034687,0.9
599,0.993343096791373,0.9
600,0.987139539370777,0.9
601,0.995478467588001,0.9
602,0.96944801812956,0.8
603,0.997961812870535,0.9
604,0.992473783548834,0.9
605,0.993399876259917,0.9
606,0.997736830901131,0.9
607,0.999125880971723,0.9
608,0.998227377030622,1
609,0.999575310934337,1
610,0.99747678449504,0.9
611,0.993242175290857,0.9
612,0.95740329513149,0.8
613,0.999681216212656,1
614,0.998614153786568,0.9
615,0.994012524945588,0.9
616,0.988497440830098,0.9
617,0.996012443781206,0.9
618,0.984548686881344,0.9
619,0.993865147516263,0.9
620,0.985069491661784,0.9
621,0.99548487530232,0.9
622,0.982055730027332,0.9
623,0.787769916066062,0.4
624,0.978919331860508,0.9
625,0.997628967710104,0.9
626,0.968694399728882,0.9
627,0.998308007435797,0.9
628,0.981208309808716,0.9
629,0.996311648441466,0.9
630,0.998605432175412,0.9
631,0.994066634533166,0.9
632,0.999868819848536,1
633,0.990778231143343,0.9
634,0.888767597185447,0.6
635,0.965698971277065,0.9
636,0.971466626131941,0.9
637,0.922870342748639,0.7
638,0.99473357079848,0.9
639,0.99226375291284,0.9
640,0.999619986942502,1
641,0.947577777192382,0.8
642,0.996585400236516,0.9
643,0.995496444786506,0.9
644,0.99803158575978,0.9
645,0.96968741745618,0.8
646,0.844233804680052,0.5
647,0.997133793786938,0.9
648,0.996927500984296,0.9
649,0.958734675773215,0.8
650,0.872617843206078,0.6
651,0.913163901500616,0.7
652,0.993492076149277,0.9
653,0.962248417116571,0.8
654,0.991434665876856,0.9
655,0.991617819711126,0.9
656,0.990620352182218,0.9
657,0.971337047909056,0.9
658,0.997441364074224,0.9
659,0.973026726576422,0.8
660,0.981000949053687,0.9
661,0.998894313295936,1
662,0.999628530561593,1
663,0.804964483463469,0.5
664,0.946979545863927,0.8
665,0.995041141085766,0.9
666,0.974716405243789,0.9
667,0.996753602737376,0.9
668,0.995627090961776,0.9
669,0.988844169371553,0.9
670,0.996227458195004,0.9
671,0.995988058868383,0.9
672,0.998612195873859,0.9
673,0.997982459950006,0.9
674,0.991816636847063,0.9
675,0.992308784905134,0.9
676,0.984003675180146,0.9
677,0.980099597239557,0.8
678,0.993918723127648,0.9
679,0.995107532125788,0.9
680,0.99853459133378,1
681,0.883282237744712,0.6
682,0.89126179998391,0.6
683,0.994739622528669,0.9
684,0.975118667309337,0.9
685,0.982628508490577,0.9
686,0.969164476770968,0.9
687,0.983732415273997,0.9
688,0.998574105572077,0.9
689,0.997596217170254,0.9
690,0.992063511840388,0.9
691,0.99974404741139,1
692,0.97952147901438,0.9
693,0.998623231381852,1
694,0.959989519827248,0.8
695,0.999507673949865,1
696,0.995452836730727,0.9
697,0.963183765415003,0.8
698,0.97073027296151,0.8
699,0.923309983147711,0.7
700,0.986981660409652,0.9
701,0.99717918176336,0.9
702,0.964341781786001,0.8
703,0.993450603998271,0.9
704,0.985402158830151,0.9
705,0.997724015472494,0.9
706,0.974557102346149,0.9
707,0.998303735626251,0.9
708,0.999904774245545,1
709,0.961344395421475,0.9
710,0.997653530614991,0.9
711,0.98730222411764,0.9
712,0.957957028443844,0.9
713,0.989408582207771,0.9
714,0.991238518621886,0.9
715,0.946457495139037,0.8
716,0.991216803590029,0.9
717,0.998644234445451,0.9
718,0.990799590191071,0.9
719,0.973206142577339,0.8
720,0.974491779258513,0.9
721,0.977797269886519,0.9
722,0.978458154421643,0.8
723,0.992252539412783,0.9
724,0.884607744648313,0.6
725,0.99930529697264,1
726,0.989853918352904,0.9
727,0.990351406172907,0.9
728,0.975223504635269,0.9
729,0.992234918198407,0.9
730,0.988257151543156,0.9
731,0.959352842212883,0.9
732,0.963055611128633,0.9
733,0.99715693275531,0.9
734,0.978936063114562,0.9
735,0.997309115970374,1
736,0.982930739015932,0.9
737,0.856431066877314,0.5
738,0.997880826481232,0.9
739,0.862687309948973,0.6
740,0.904161596859366,0.7
741,0.992996368249918,0.9
742,0.98091373294213,0.9
743,0.989103681801451,0.9
744,0.997186657430065,0.9
745,0.992070631522964,0.9
746,0.999604501632899,1
747,0.996748440967508,0.9
748,0.978444449032684,0.8
749,0.946557704671295,0.8
750,0.98935233671542,0.9
751,0.992158915586907,0.9
752,0.996316810211333,0.9
753,0.991157710224647,0.9
754,0.966946517656457,0.8
755,0.937078381297448,0.8
756,0.991857575021875,0.9
757,0.99586542233601,0.9
758,0.992319998405191,0.9
759,0.999596669982066,1
760,0.99781603736979,0.9
761,0.96607524650121,0.8
762,0.973548599309248,0.9
763,0.997787380647421,0.9
764,0.993697300999532,0.9
765,0.999541314450036,1
766,0.999133000654299,1
767,0.988712989220089,0.9
768,0.995268436952007,0.9
769,0.999569081212083,1
770,0.998649752199448,1
771,0.999023713526756,0.9
772,0.991467060432578,0.9
773,0.957249154003718,0.9
774,0.9915229499408,0.9
775,0.998270985086401,0.9
776,0.994238752859443,0.9
777,0.999596313997937,1
778,0.972194613675344,0.9
779,0.936541379239148,0.7
780,0.994306033859786,0.9
781,0.99439111406657,0.9
782,0.936697478279628,0.8
783,0.994847485719697,0.9
784,0.991714469402096,0.9
785,0.981409618833554,0.9
786,0.997543175535062,0.9
787,0.98589021307074,0.9
788,0.997988867664324,0.9
789,0.996615124911271,0.9
790,0.993903059825981,0.9
791,0.958012739960002,0.9
792,0.952336929010357,0.8
793,0.990129984044791,0.9
794,0.99782208909998,0.9
795,0.993942930048407,0.9
796,0.992028091419572,0.9
797,0.98186759241526,0.9
798,0.953709425818959,0.8
799,0.997772073329883,0.9
800,0.999792817237036,1
801,0.999352286877642,1
802,0.994587261321541,0.9
803,0.986511049391374,0.9
804,0.94190855194912,0.8
805,0.998332926324813,0.9
806,0.977600410663291,0.9
807,0.960838897958573,0.9
808,0.994087993580894,0.9
809,0.996564219180852,0.9
810,0.998663457588407,1
811,0.992644299946531,0.9
812,0.996025259209843,0.9
813,0.901109922915197,0.7
814,0.920366884362828,0.7
815,0.97813492083269,0.9
816,0.999547900156419,1
817,0.985725392419104,0.9
818,0.995306349261725,0.9
819,0.967573939683473,0.8
820,0.96492239190008,0.8
821,0.984836322057417,0.9
822,0.986045244158834,0.9
823,0.990150987108391,0.9
824,0.998622163429466,0.9
825,0.983492125987055,0.8
826,0.970352039824656,0.8
827,0.994162928240007,0.9
828,0.99283350551099,0.9
829,0.971654763744013,0.9
830,0.9986534900328,0.9
831,0.990882712485147,0.9
832,0.98426585749101,0.9
833,0.998547228770353,0.9
834,0.999100250114449,1
835,0.998583183167362,0.9
836,0.889062708028225,0.6
837,0.998630707048557,1
838,0.952174244263494,0.8
839,0.962691617356932,0.9
840,0.976858539738864,0.9
841,0.984365889031203,0.9
842,0.991055364787616,0.9
843,0.984877972200487,0.9
844,0.933706677621485,0.8
845,0.986691355352613,0.9
846,0.923855884809232,0.8
847,0.995637236509447,0.9
848,0.988009030605379,0.9
849,0.99491191884701,0.9
850,0.99701863292127,0.9
851,0.985550248227733,0.9
852,0.962255002822954,0.8
853,0.977597206806132,0.9
854,0.999373823917434,1
855,0.990537407880207,0.9
856,0.999504114108577,1
857,0.999459972076605,1
858,0.998518572047984,1
859,0.963982059823845,0.8
860,0.997123114263074,1
861,0.995428451817904,0.9
862,0.991143470859495,0.9
863,0.999432739290751,1
864,0.973369005316267,0.8
865,0.977043295501713,0.9
866,0.986724639868656,1
867,0.985574099164363,0.9
868,0.963829876608781,0.9
869,0.9718418334037,0.9
870,0.960757733577206,0.9
871,0.963912642918728,0.8
872,0.996021521376491,0.9
873,0.94146819958179,0.8
874,0.990721985650992,0.9
875,0.993971230786647,0.9
876,0.976798200429032,0.9
877,0.97294858806015,0.9
878,0.959248360871079,0.9
879,0.9882379284002,0.9
880,0.999619274974245,0.9
881,0.997082354080326,0.9
882,0.996524704942555,0.9
883,0.974602312330507,0.9
884,0.993026626900866,0.9
885,0.997788092615679,0.9
886,0.980118286406319,0.9
887,0.992087362777018,0.9
888,0.99807643976001,1
889,0.99930369504406,1
890,0.996995137968769,0.9
891,0.986456761811731,0.9
892,0.960401037480145,0.9
893,0.996323929893909,0.9
894,0.926397077512696,0.8
895,0.98598846469029,0.9
896,0.933219335349153,0.8
897,0.985966571666369,0.9
898,0.925630643683382,0.8
899,0.981324182642641,0.9
900,0.999874693586661,1
901,0.993882946722703,0.9
902,0.972567863034394,0.9
903,0.99854064306397,1
904,0.998898407113417,1
905,0.976493656006841,0.8
906,0.992752341129623,0.9
907,0.997004215564053,0.9
908,0.985353744988633,0.9
909,0.980979590005959,0.8
910,0.997914822965533,0.9
911,0.997350054145186,0.9
912,0.99945409833848,0.9
913,0.99004703974278,0.9
914,0.980791274401822,0.9
915,0.981499148841948,0.9
916,0.997724905432816,0.9
917,0.962497428014669,0.8
918,0.999284649893169,1
919,0.997924790521139,0.9
920,0.992338509579889,0.9
921,0.998803003366898,1
922,0.995130493102096,0.9
923,0.979238471631981,0.9
924,0.955067327278281,0.8
925,0.973199556870956,0.8
926,0.997953091259379,0.9
927,0.999828771634045,1
928,0.958053678134814,0.8
929,0.909335114203268,0.7
930,0.847441577664701,0.5
931,0.998629283112042,1
932,0.9925419545095,0.9
933,0.961786349717384,0.9
934,0.958929043107542,0.8
935,0.95607013456912,0.9
936,0.998518928032113,0.9
937,0.996999409778314,0.9
938,0.930860050535507,0.8
939,0.973713953937078,0.9
940,0.98769647654029,0.9
941,0.992045712633948,0.9
942,0.999545764251647,0.9
943,0.999959061825188,1
944,0.99898669117736,1
945,0.998805317263735,1
946,0.944936552948723,0.8
947,0.980671307750415,0.8
948,0.999111107630377,1
949,0.98047213463035,0.9
950,0.991966328173225,0.9
951,0.972940400425187,0.8
952,0.945718650079705,0.8
953,0.996866271714142,0.9
954,0.986511583367567,0.9
955,0.983732771258126,0.9
956,0.996083462614903,0.9
957,0.986594527669578,0.9
958,0.977870780609117,0.9
959,0.993582140133864,0.9
960,0.99458601537709,0.9
961,0.945468215245092,0.8
962,0.985959273991728,0.9
963,0.840789480241813,0.5
964,0.99966519692686,1
965,0.997850389838219,0.9
966,0.987581493666686,0.9
967,0.996647163482863,0.9
968,0.986553055518573,0.9
969,0.967260139673933,0.9
970,0.881037223836412,0.6
971,0.999611621315475,1
972,0.989197127635261,0.9
973,0.958827587630833,0.8
974,0.999343921250615,1
975,0.968566245442513,0.8
976,0.890255610843846,0.6
977,0.994169157962261,0.9
978,0.994091909406311,0.9
979,0.999143324194034,1
980,0.99611852705159,0.9
981,0.999701329315934,1
982,0.987182257466233,0.9
983,0.96793045778847,0.9
984,0.998708133596572,1
985,0.982696679451243,0.8
986,0.960105570653238,0.9
987,0.987209134267958,0.9
988,0.966228853652789,0.9
989,0.999225378535723,0.9
990,0.974151458431377,0.8
991,0.997083066048583,0.9
992,0.819310999838383,0.5
993,0.974702343870701,0.9
994,0.998811724978054,1
995,0.937851400833145,0.8
996,0.99802144021211,0.9
997,0.988336536003879,0.9
998,0.999011788058441,0.9
999,0.99105714470826,0.9
1000,0.978138836658106,0.8
1001,0.995291931904508,0.9
1002,0.999632802371139,1
1003,0.959650444944563,0.8
1004,0.985690149990353,0.9
1005,0.977953546919064,0.9
1006,0.996874815333233,0.9
1007,0.999145994075,1
1008,0.953733276755589,0.8
1009,0.990510887062611,0.9
1010,0.9923219563179,0.9
1011,0.990861531429483,0.9
1012,0.973878062620456,0.9
1013,0.968682296268503,0.8
1014,0.95019960030102,0.8
1015,0.998743554017388,1
1016,0.989978512797985,0.9
1017,0.977060916716089,0.9
1018,0.963437760090904,0.9
1019,0.997478742407748,0.9
1020,0.913646615979273,0.7
1021,0.999925955301209,1
1022,0.987737058730974,0.9
1023,0.98977328794773,0.9
1024,0.995703449557405,1
1025,0.990419221149444,0.9
1026,0.995016578180878,0.9
1027,0.980056345167907,0.9
1028,0.975435849168101,0.8
1029,0.990379528919083,0.9
1030,0.996253267044342,0.9
1031,0.996787777213741,0.9
1032,0.991407789075132,0.9
1033,0.943264317503668,0.8
1034,0.985725570411169,0.9
1035,0.999270766512146,0.9
1036,0.992051230387944,0.9
1037,0.980023238643928,0.9
1038,0.896983176902041,0.7
1039,0.969985376171989,0.9
1040,0.99667777811794,0.9
1041,0.994822744822745,0.9
1042,0.999141722265455,1
1043,0.989262628714961,0.9
1044,0.988293639916358,0.9
1045,0.988938327173621,0.9
1046,0.941191065937516,0.8
1047,0.961056404261272,0.9
1048,0.993206398885912,0.9
1049,0.972942892314089,0.8
1050,0.995296915682311,0.9
1051,0.999432205314558,0.9
1052,0.973997673287734,0.9
1053,0.966917682942024,0.9
1054,0.972383641247739,0.9
1055,0.980025374548701,0.8
1056,0.98802807575627,0.9
1057,0.991314521233385,0.9
1058,0.996546241982348,0.9
1059,0.968710774998808,0.9
1060,0.999651491537901,1
1061,0.952564936844856,0.8
1062,0.995207741658046,0.9
1063,0.982329837806511,0.9
1064,0.998489025365293,1
1065,0.9986194935485,1
1066,0.956664094088029,0.9
1067,0.981556462286685,0.8
1068,0.900647499531881,0.7
1069,0.979786509198274,0.9
1070,0.9813928875795,0.9
1071,0.981430265913025,0.9
1072,0.978989282741818,0.8
1073,0.998127879466622,1
1074,0.999758464768607,1
1075,0.956346022268943,0.9
1076,0.978172833142407,0.8
1077,0.884659540339053,0.6
1078,0.996321971981201,0.9
1079,0.942758642048703,0.8
1080,0.932358387733641,0.7
1081,0.959537597975732,0.8
1082,0.984185761062029,0.9
1083,0.998464818444534,1
1084,0.991111966264096,0.9
1085,0.992654445494202,0.9
1086,0.963511448805566,0.8
1087,0.976236101489651,0.9
1088,0.977871492577375,0.9
1089,0.998176827284332,0.9
1090,0.99889004148639,1
1091,0.991081173636955,0.9
1092,0.990410499538289,0.9
1093,0.996842064793383,0.9
1094,0.956596101119428,0.9
1095,0.988072039796178,0.9
1096,0.989215994794088,0.9
1097,0.98107748564138,0.9
1098,0.977046855343001,0.9
1099,0.992027913427508,0.9
1100,0.997941343783129,1
1101,0.999046318518935,0.9
1102,0.981707577549363,0.8
1103,0.997637155345066,0.9
1104,0.984983877478807,0.9
1105,0.985037453090191,0.9
1106,0.759189730285065,0.4
1107,0.965892092666941,0.9
1108,0.920027987472207,0.7
1109,0.946061462795743,0.8
1110,0.998350725531253,1
1111,0.998547228770353,0.9
1112,0.998852663152866,0.9
1113,0.951422049799332,0.8
1114,0.983714794059622,0.9
1115,0.993681815689929,0.9
1116,0.983870715108038,0.9
1117,0.997631281606941,0.9
1118,0.940160313892565,0.8
1119,0.976548121578548,0.9
1120,0.998547762746546,0.9
1121,0.996261632671369,0.9
1122,0.95570863268632,0.9
1123,0.945291113141012,0.8
1124,0.984606712294339,0.9
1125,0.995359924873109,0.9
1126,0.999204375472124,1
1127,0.922171367911733,0.7
1128,0.975443680818934,0.9
1129,0.972520161161135,0.8
1130,0.988412360623314,0.9
1131,0.989096918103003,0.9
1132,0.995918107987073,0.9
1133,0.996121018940492,0.9
1134,0.937584946712736,0.8
1135,0.98881213079996,0.9
1136,0.985986862761711,0.9
1137,0.980841468163983,0.9
1138,0.966967342727992,0.8
1139,0.983651962860888,0.9
1140,0.96149586666828,0.9
1141,0.944736311876271,0.8
1142,0.999273080408983,1
1143,0.98307420061984,0.9
1144,0.992088786713533,0.9
1145,0.968061815931998,0.8
1146,0.997853949679508,0.9
1147,0.987834242398137,0.9
1148,0.989286657643656,0.9
1149,0.998818666668565,0.9
1150,0.998277570792784,0.9
1151,0.990775917246505,0.9
1152,0.994313331534427,0.9
1153,0.998352149467768,0.9
1154,0.9918294522757,0.9
1155,0.981538663080245,0.8
1156,0.999840341118232,0.9
1157,0.976458769562218,0.9
1158,0.983742026845475,0.9
1159,0.99549822470715,0.9
1160,0.999236592035781,1
1161,0.981683014644475,0.9
1162,0.982799736856532,0.9
1163,0.975049428396284,0.8
1164,0.949877434664453,0.8
1165,0.999029765256946,0.9
1166,0.999784273617945,1
1167,0.924314748351259,0.7
1168,0.977886977886978,0.8
1169,0.999552705942158,0.9
1170,0.991422740408542,0.9
1171,0.979584310213113,0.9
1172,0.978691858002203,0.9
1173,0.98291649965078,0.9
1174,0.943711077585317,0.8
1175,0.974307379479793,0.9
1176,0.992945818503628,0.9
1177,0.93114768571158,0.8
1178,0.818733237597335,0.5
1179,0.984647828461216,0.9
1180,0.99932309617908,1
1181,0.971368196520326,0.9
1182,0.992238656031759,0.9
1183,0.986755254503733,0.9
1184,0.954328838203077,0.8
1185,0.999056286074542,1
1186,0.997688951035807,0.9
1187,0.996972888960719,0.9
1188,0.986938942314196,0.9
1189,0.961515089811236,0.9
1190,0.999438613028877,1
1191,0.998102604593477,0.9
1192,0.999284115916976,0.9
1193,0.995267013015492,0.9
1194,0.991168567740576,0.9
1195,0.998176115316075,0.9
1196,0.999129084828882,1
1197,0.993866927436907,0.9
1198,0.861388323862969,0.5
1199,0.983980180227645,0.9
1200,0.948075265012385,0.8
1201,0.973337678712932,0.9
1202,0.984802147581052,0.9
1203,0.998450223095253,1
1204,0.997415199240757,1
1205,0.999937880769524,1
1206,0.972215972723072,0.9
1207,0.9439691660787,0.8
1208,0.907551455725898,0.7
1209,0.925331439023123,0.8
1210,0.999131220733655,1
1211,0.990117524600283,0.9
1212,0.983112290921622,0.9
1213,0.919843943677615,0.7
1214,0.998907484708702,1
1215,0.991729064751377,0.9
1216,0.996198089504377,0.9
1217,0.993400054251981,0.9
1218,0.976691939166584,0.8
1219,0.999130864749526,0.9
1220,0.993392756577341,0.9
1221,0.996250419171312,0.9
1222,0.998184480943102,0.9
1223,0.999058065995186,0.9
1224,0.999664306966538,1
1225,0.81706260408086,0.5
1226,0.986194757492932,0.9
1227,0.963039235858708,0.8
1228,0.973866315144206,0.9
1229,0.998427084126881,0.9
1230,0.987485199959845,0.9
1231,0.937996108381504,0.8
1232,0.984931547811872,0.9
1233,0.999067499574599,1
1234,0.881082077836642,0.6
1235,0.930098600483996,0.8
1236,0.998235030689392,0.9
1237,0.975311254723019,0.8
1238,0.991483435702503,0.9
1239,0.999428289489141,1
1240,0.992845430979305,0.9
1241,0.999356736679252,0.9
1242,0.970940481589569,0.9
1243,0.981660409652296,0.9
1244,0.999831619507076,1
1245,0.970025780370608,0.8
1246,0.996438734775449,0.9
1247,0.972307104660046,0.8
1248,0.99190064910146,0.9
1249,0.995565149723365,0.9
1250,0.98336575162133,0.8
1251,0.999315442520311,1
1252,0.982129596734059,0.9
1253,0.977461932837186,0.9
1254,0.997862315306534,0.9
1255,0.996255580941179,0.9
1256,0.991251868026716,0.9
1257,0.969742772988209,0.9
1258,0.998222571244884,0.9
1259,0.931966271215764,0.8
1260,0.992511161882359,0.9
1261,0.999419033901793,0.9
1262,0.988708539418478,0.9
1263,0.96323662905813,0.9
1264,0.930694161931484,0.8
1265,0.978730126296049,0.9
1266,0.998079821609233,0.9
1267,0.926608888069334,0.8
1268,0.983824081187164,0.9
1269,0.931118673005083,0.8
1270,0.998712405406117,1
1271,0.981547918667594,0.9
1272,0.987936943819297,0.9
1273,0.990752956270198,0.9
1274,0.999302983075803,0.9
1275,0.95305156714893,0.8
1276,0.988283138384558,0.9
1277,0.981148860459205,0.9
1278,0.996096100051475,0.9
1279,0.963360155550825,0.8
1280,0.993943998000793,0.9
1281,0.998267069260984,1
1282,0.999701507307998,1
1283,0.998457342777829,1
1284,0.996014579685979,0.9
1285,0.970425016571061,0.8
1286,0.998467132341372,1
1287,0.995471881881618,0.9
1288,0.959424039038643,0.8
1289,0.984387782055125,0.9
1290,0.954007740518897,0.8
1291,0.992264642873162,0.9
1292,0.992614219287647,0.9
1293,0.977246028463067,0.9
1294,0.998537261214746,0.9
1295,0.99886939440692,1
1296,0.989333113572464,0.9
1297,0.998553102508478,1
1298,0.997199650850766,0.9
1299,0.955533666487013,0.8
1300,0.98204914432095,0.9
1301,0.99687143348401,0.9
1302,0.965402970473964,0.9
1303,0.998377068356784,0.9
1304,0.999690827784134,1
1305,0.968464789965804,0.8
1306,0.998624477326303,1
1307,0.999126414947916,1
1308,0.840749432027323,0.5
1309,0.992176180817154,0.9
1310,0.99891389242302,1
1311,0.958473917398867,0.9
1312,0.908844746065841,0.7
1313,0.999111641606571,0.9
1314,0.99664057777648,0.9
1315,0.997857153536667,0.9
1316,0.962347380704379,0.9
1317,0.975268714619627,0.9
1318,0.996447100402476,0.9
1319,0.995021205974553,0.9
1320,0.993531056411381,0.9
1321,0.993750698618853,0.9
1322,0.998495077095483,1
1323,0.867685149125311,0.6
1324,0.997637511329195,0.9
1325,0.998674315104335,1
1326,0.945620042476026,0.8
1327,0.994547925075308,0.9
1328,0.997871926878012,0.9
1329,0.996179400337615,0.9
1330,0.985001320701118,0.9
1331,0.996079012813293,0.9
1332,0.990208656537257,0.9
1333,0.999793707197358,1
1334,0.979540168181142,0.9
1335,0.958726844122382,0.9
1336,0.958918541575742,0.9
1337,0.997454179502861,0.9
1338,0.997694112805675,0.9
1339,0.992036991022792,0.9
1340,0.998841983629002,1
1341,0.929558572560601,0.8
1342,0.994753327917628,0.9
1343,0.988759089164769,0.9
1344,0.9840544029185,0.9
1345,0.980453623455652,0.9
1346,0.96526894244947,0.9
1347,0.980270825605511,0.8
1348,0.991545732925043,0.9
1349,0.892127197401031,0.6
1350,0.99326656020368,0.9
1351,0.997965372711823,0.9
1352,0.995939645026866,0.9
1353,0.994453233297047,0.9
1354,0.977866686791636,0.9
1355,0.980535677797341,0.8
1356,0.99677763166607,0.9
1357,0.996468637442268,0.9
1358,0.988898456951195,0.9
1359,0.998820268597145,0.9
1360,0.989840034971881,0.9
1361,0.999829483602303,1
1362,0.999142968209905,1
1363,0.973198844902699,0.8
1364,0.992573459104899,0.9
1365,0.965921461357567,0.9
1366,0.995567107636073,0.9
1367,0.948807346373269,0.8
1368,0.999776441967111,1
1369,0.978199531952068,0.9
1370,0.991704145862361,0.9
1371,0.991736896402211,0.9
1372,0.986768425916499,0.9
1373,0.952815905655662,0.8
1374,0.998966934058212,1
1375,0.998477277889043,0.9
1376,0.987269117593661,0.9
1377,0.993840050635183,0.9
1378,0.976173804267111,0.9
1379,0.96088001412545,0.8
1380,0.999468871679825,1
1381,0.998873132240272,1
1382,0.996543038125188,0.9
1383,0.966195213152617,0.9
1384,0.962880466937262,0.8
1385,0.988064208145344,0.9
1386,0.995067483911297,0.9
1387,0.999110573654184,1
1388,0.998855333033832,1
1389,0.954294663726712,0.8
1390,0.999236414043716,1
1391,0.974765353061499,0.9
1392,0.893146023977667,0.6
1393,0.993020575170677,0.9
1394,0.985476025536877,0.9
1395,0.98901148191209,0.9
1396,0.960796179863117,0.9
1397,0.994121990065195,0.9
1398,0.999628174577465,1
1399,0.995817364478622,0.9
1400,0.975690377820195,0.9
1401,0.998501484809801,0.9
1402,0.992895090765273,0.9
1403,0.993954321540529,0.9
1404,0.976736615174749,0.9
1405,0.999889822912135,1
1406,0.870428006837743,0.6
1407,0.940005994772729,0.8
1408,0.956229971442953,0.8
1409,0.920543096506585,0.7
1410,0.99544892090531,0.9
1411,0.972575872677293,0.9
1412,0.967704051882551,0.9
1413,0.96488803943165,0.8
1414,0.997946505552996,0.9
1415,0.96110321617421,0.8
1416,0.988831175950851,0.9
1417,0.768585219396578,0.4
1418,0.996718360308624,0.9
1419,0.984825464541489,0.9
1420,0.980802131917751,0.8
1421,0.943538781266976,0.8
1422,0.968606827633197,0.9
1423,0.972245163421634,0.9
1424,0.96550389197448,0.8
1425,0.993971408778711,0.9
1426,0.998893067351485,0.9
1427,0.99396571303265,0.9
1428,0.999523693235661,0.9
1429,0.998569299786338,0.9
1430,0.99643392898971,0.9
1431,0.990461761252836,0.9
1432,0.99727903531149,0.9
1433,0.970093595347145,0.8
1434,0.96552614098253,0.9
1435,0.996153413496213,0.9
1436,0.970842051977955,0.9
1437,0.99510237035592,0.9
1438,0.997496719606253,0.9
1439,0.997104247104247,0.9
1440,0.968897488674365,0.9
1441,0.999755438903512,1
1442,0.994810997346494,0.9
1443,0.994695836480826,0.9
1444,0.969084380341987,0.8
1445,0.978249191738036,0.9
1446,0.99547437377052,0.9
1447,0.993309812275329,0.9
1448,0.975567207311629,0.8
1449,0.975240235889323,0.9
1450,0.994283072883479,0.9
1451,0.948019553496227,0.8
1452,0.948911649723009,0.8
1453,0.996773715840653,0.9
1454,0.958570923073966,0.9
1455,0.994771127124068,0.9
1456,0.927376389851035,0.8
1457,0.999747785244743,1
1458,0.903580274777029,0.7
1459,0.999749743157451,1
1460,0.979675086165958,0.8
1461,0.993614534689585,0.9
1462,0.949960734950593,0.9
1463,0.988446713091744,0.9
1464,0.9906244459997,0.9
1465,0.930604987907219,0.8
1466,0.999264180805763,0.9
1467,0.949597631139213,0.8
1468,0.991418824583125,0.9
1469,0.989699421241003,0.9
1470,0.999336623575975,0.9
1471,0.970749496104466,0.9
1472,0.99808818723626,0.9
1473,0.908162502482989,0.7
1474,0.999871133745373,1
1475,0.98228569577454,0.8
1476,0.998393087642581,0.9
1477,0.98447410820636,0.9
1478,0.996839038928289,1
1479,0.999407108433478,1
1480,0.974690418402386,0.9
1481,0.996542504148995,1
1482,0.986905657798153,0.9
1483,0.965901704238418,0.8
1484,0.992061019951487,0.9
1485,0.996004612130373,0.9
1486,0.988559204076445,0.9
1487,0.957547824687784,0.8
1488,0.956071024529442,0.9
1489,0.999682284165043,0.9
1490,0.96492239190008,0.8
1491,0.999741377530424,1
1492,0.99115539632781,0.9
1493,0.99642502938649,0.9
1494,0.948549613864015,0.8
1495,0.998726288787141,1
1496,0.996639865808223,0.9
1497,0.998418896491919,1
1498,0.99115539632781,0.9
1499,0.968176264829409,0.9
1500,0.996181180258259,0.9
1501,0.997262838033629,0.9
1502,0.979487838514208,0.9
1503,0.968359774647807,0.9
1504,0.99293780886073,0.9
1505,0.997336170764163,0.9
1506,0.999059667923765,1
1507,0.995503564469082,0.9
1508,0.946791764235983,0.8
1509,0.975301287167413,0.9
1510,0.93352654965231,0.8
1511,0.994166310089231,0.9
1512,0.951528489053844,0.8
1513,0.997364827486531,0.9
1514,0.994044741509244,0.9
1515,0.984724365048909,0.9
1516,0.986589721883839,0.9
1517,0.995872720010651,0.9
1518,0.965847238666711,0.9
1519,0.999809192506961,1
1520,0.98880038332371,0.9
1521,0.993207288846234,0.9
1522,0.998515724174953,0.9
1523,0.996048932154409,0.9
1524,0.9914574488611,0.9
1525,0.999265604742278,1
1526,0.987047517473481,0.9
1527,0.998542067000485,1
1528,0.97125712947214,0.8
1529,0.991831232196344,0.9
1530,0.948514015451135,0.8
1531,0.988785076006171,0.9
1532,0.972665224693622,0.8
1533,0.928106157315082,0.8
1534,0.982912405833298,0.9
1535,0.900366272070126,0.7
1536,0.928842154501384,0.8
1537,0.966810353727189,0.8
1538,0.993158341028524,0.9
1539,0.883666878595885,0.6
1540,0.996435708910354,0.9
1541,0.999338225504554,1
1542,0.999166107178278,1
1543,0.999157563559186,1
1544,0.995324326460229,0.9
1545,0.981319732841031,0.9
1546,0.995816296526236,0.9
1547,0.994232523137188,0.9
1548,0.980750692211138,0.9
1549,0.996667454578205,0.9
1550,0.943614071910218,0.8
1551,0.991631881084214,0.9
1552,0.976332751180621,0.9
1553,0.901835596561763,0.7
1554,0.995922913772812,0.9
1555,0.999408176385864,1
1556,0.999760244689251,1
1557,0.972836097075448,0.8
1558,0.937352133092498,0.8
1559,0.995220913070812,0.9
1560,0.995501428564309,0.9
1561,0.990198155005457,0.9
1562,0.994401793590435,0.9
1563,0.98916188520651,0.9
1564,0.980576437980089,0.9
1565,0.948487316641475,0.8
1566,0.986835528924778,0.9
1567,0.999913673848765,1
1568,0.959757240183204,0.8
1569,0.991357417320906,0.9
1570,0.994746208235052,0.9
1571,0.986565336971016,0.9
1572,0.985635328434517,0.9
1573,0.999070347447629,1
1574,0.998591370802324,0.9
1575,0.976735369230298,0.8
1576,0.986195825445318,0.9
1577,0.80445097635767,0.5
1578,0.970441569833051,0.9
1579,0.990722697619249,0.9
1580,0.994366907145812,0.9
1581,0.959625526055546,0.9
1582,0.941741773384775,0.8
1583,0.997982459950006,0.9
1584,0.982585256418928,0.9
1585,0.986055745690634,0.9
1586,0.96188566928932,0.9
1587,0.988335112067364,0.9
1588,0.921652165059873,0.7
1589,0.993938480246797,0.9
1590,0.998523555825787,0.9
1591,0.96319497891506,0.9
1592,0.976887374453297,0.8
1593,0.970551034952658,0.9
1594,0.957766576934934,0.9
1595,0.99262080499403,0.9
1596,0.993869419325809,0.9
1597,0.987562448515795,0.9
1598,0.988920171983052,0.9
1599,0.97776291741809,0.9
1600,0.883979432660974,0.6
1601,0.995048616752471,0.9
1602,0.988486405322105,0.9
1603,0.992548184231754,0.9
1604,0.980286310915114,0.8
1605,0.990559300904128,0.9
1606,0.97194578076931,0.9
1607,0.997452577574281,0.9
1608,0.999710050927089,1
1609,0.977481333972206,0.9
1610,0.995456930548208,1
1611,0.995962606003174,0.9
1612,0.98549311277506,0.9
1613,0.991215201661449,0.9
1614,0.988968051848376,0.9
1615,0.999947136356873,1
1616,0.937806902817045,0.8
1617,0.991522593956671,0.9
1618,0.999304229020253,0.9
1619,0.934637398126242,0.8
1620,0.999124279043143,0.9
1621,0.89474902050967,0.6
1622,0.986721436011497,0.9
1623,0.974381780162713,0.8
1624,0.99078499484179,0.9
1625,0.986332879334908,0.9
1626,0.988854314919224,0.9
1627,0.993175072282577,0.9
1628,0.999816490181602,1
1629,0.995033487426997,0.9
1630,0.961807174788919,0.9
1631,0.993248049028982,0.9
1632,0.990558410943807,0.9
1633,0.9997695002766,1
1634,0.996407764156243,0.9
1635,0.963364605352435,0.8
1636,0.992508314009328,0.9
1637,0.832033872601824,0.5
1638,0.963348764058703,0.8
1639,0.999878965396207,1
1640,0.997403807748635,0.9
1641,0.987781556747074,0.9
1642,0.968355502838261,0.9
1643,0.999045784542742,1
1644,0.995577609167873,0.9
1645,0.996748440967508,1
1646,0.927161375437238,0.8
1647,0.987435718165941,0.9
1648,0.912718565355482,0.7
1649,0.98325699846998,0.9
1650,0.999671782633243,1
1651,0.956703430334262,0.9
1652,0.943935881562656,0.8
1653,0.994186957168702,1
1654,0.962612410888273,0.9
1655,0.986699898971704,0.9
1656,0.967297162023328,0.8
1657,0.966258756319608,0.9
1658,0.996429657180164,0.9
1659,0.93854788378115,0.8
1660,0.992319998405191,0.9
1661,0.996058365733822,0.9
1662,0.997637155345066,0.9
1663,0.991489487432692,0.9
1664,0.999416542012891,1
1665,0.990982922017405,0.9
1666,0.97831326888122,0.9
1667,0.998287894332519,0.9
1668,0.989172920714503,0.9
1669,0.998120403799917,0.9
1670,0.888356257524615,0.6
1671,0.99615572739305,0.9
1672,0.998966400082019,1
1673,0.972585128264641,0.9
1674,0.947042199070597,0.8
1675,0.765563448119229,0.4
1676,0.998421566372885,0.9
1677,0.999078713074656,0.9
1678,0.828159697328054,0.5
1679,0.985401624853957,0.9
1680,0.998091391093419,0.9
1681,0.985254425416697,0.9
1682,0.908344054388679,0.7
1683,0.99666887851472,0.9
1684,0.989017177658151,0.9
1685,0.999893916729616,1
1686,0.995769128629169,0.9
1687,0.987971118295662,0.9
1688,0.995872898002715,0.9
1689,0.898212568090864,0.6
1690,0.973851719794925,0.8
1691,0.846193853293245,0.5
1692,0.969307226406618,0.9
1693,0.99746628296324,0.9
1694,0.982232298155219,0.9
1695,0.833151306782138,0.5
1696,0.998376178396462,0.9
1697,0.988025049891176,0.9
1698,0.981142274752822,0.9
1699,0.996079546789486,0.9
1700,0.989525167009954,0.9
1701,0.975286691818132,0.8
1702,0.971804989046368,0.8
1703,0.953004399251864,0.8
1704,0.993694987102695,0.9
1705,0.999447512632097,0.9
1706,0.95495287838087,0.8
1707,0.988913052300476,0.9
1708,0.943490901401652,0.8
1709,0.994307279804237,0.9
1710,0.871611120089822,0.6
1711,0.984681290969323,0.9
1712,0.985024637661554,0.9
1713,0.991824112513768,0.9
1714,0.98245514421985,0.8
1715,0.99257630697793,0.9
1716,0.998151196427059,1
1717,0.970219435736677,0.9
1718,0.995948188645957,0.9
1719,0.975799664947738,0.9
1720,0.963716673655822,0.8
1721,0.902340026072278,0.6
1722,0.965634360157687,0.8
1723,0.987157338577217,0.9
1724,0.989184490198689,0.9
1725,0.97288468890903,0.9
1726,0.993754080468076,0.9
1727,0.995995890519217,0.9
1728,0.965132600528138,0.9
1729,0.925600029048305,0.6
1730,0.999023535534692,0.9
1731,0.997783998798198,0.9
1732,0.99376636192052,0.9
1733,0.924839112972987,0.8
1734,0.98259219810944,0.9
1735,0.960736908505671,0.8
1736,0.984651032318375,0.9
1737,0.948867863675166,0.8
1738,0.99170450184649,0.9
1739,0.99878894199381,1
1740,0.999543984331003,1
1741,0.967679666969728,0.9
1742,0.963675023512752,0.8
1743,0.930436073438102,0.8
1744,0.990706500341389,0.9
1745,0.937209739440977,0.7
1746,0.988973925586502,0.9
1747,0.879163857358584,0.6
1748,0.986834282980328,0.9
1749,0.99754228557474,0.9
1750,0.999500732259353,0.9
1751,0.804656735184119,0.5
1752,0.993238971433698,0.9
1753,0.999561249561249,1
1754,0.932130379899143,0.8
1755,0.998756013461896,0.9
1756,0.923216003337707,0.7
1757,0.974304353614698,0.8
1758,0.875526945506662,0.6
1759,0.978086328999108,0.9
1760,0.957187568749435,0.8
1761,0.98637826731133,0.9
1762,0.994404107487272,0.9
1763,0.976097089687353,0.9
1764,0.999981488825302,1
1765,0.999805810657738,1
1766,0.995234796451835,0.9
1767,0.988362344853217,0.9
1768,0.989002226324742,0.9
1769,0.997843626139772,1
1770,0.95576363223422,0.8
1771,0.967948434986975,0.8
1772,0.98773367688175,0.9
1773,0.917002834345634,0.7
1774,0.998054012759895,0.9
1775,0.981803515272075,0.9
1776,0.987316997458985,0.9
1777,0.971016484201068,0.8
1778,0.99940034473503,1
1779,0.926208583916495,0.8
1780,0.999797089046582,1
1781,0.988644640267358,0.9
1782,0.998913536438891,1
1783,0.962120084838138,0.9
1784,0.995843529312089,1
1785,0.993197321290628,0.9
1786,0.985738741823935,0.9
1787,0.994070194374454,0.9
1788,0.979273536068668,0.8
1789,0.975887593027553,0.9
1790,0.992456874302716,0.9
1791,0.969251158906331,0.9
1792,0.997975162275365,0.9
1793,0.976496147895742,0.9
1794,0.963363537400049,0.8
1795,0.979566866990802,0.9
1796,0.995846555177184,0.9
1797,0.952475940812655,0.8
1798,0.990746726547944,0.9
1799,0.99560377400134,0.9
1800,0.994840544029185,0.9
1801,0.999386105369878,1
1802,0.990971708517348,0.9
1803,0.969571544622255,0.9
1804,0.999587058410588,1
1805,0.970556196722525,0.9
1806,0.998745689922161,0.9
1807,0.99858069127846,1
1808,0.931471275284663,0.8
1809,0.971804455070175,0.9
1810,0.962138596012835,0.8
1811,0.999099538146191,1
1812,0.99967569845866,1
1813,0.984051377053406,0.9
1814,0.986232491810585,0.9
1815,0.998202102157477,0.9
1816,0.985196933979895,0.9
1817,0.98371959984536,0.9
1818,0.907435404899908,0.7
1819,0.999152935765512,0.9
1820,0.984573427778296,0.9
1821,0.948729207856997,0.8
1822,0.999078891066721,1
1823,0.992020081776674,0.9
1824,0.992042508776789,0.9
1825,0.999636006228298,1
1826,0.991170881637413,0.9
1827,0.989248745333938,0.9
1828,0.946682477108441,0.8
1829,0.997406299637537,0.9
1830,0.941734653702199,0.7
1831,0.933514446191931,0.8
1832,0.877615860374481,0.6
1833,0.999424017679596,1
1834,0.971125593336547,0.9
1835,0.935165500581322,0.8
1836,0.990867049183479,0.9
1837,0.998369948674208,0.9
1838,0.951800816912379,0.9
1839,0.999350684949062,1
1840,0.972073401079486,0.9
1841,0.998614153786568,1
1842,0.994193008898891,0.9
1843,0.976215098426052,0.8
1844,0.94481106854332,0.8
1845,0.968205455527971,0.8
1846,0.991530425607505,0.9
1847,0.995270216872651,0.9
1848,0.961656237518306,0.8
1849,0.9921254530788,0.9
1850,0.973421512975266,0.9
1851,0.989039070682073,0.9
1852,0.998319932904111,1
1853,0.879159585549038,0.6
1854,0.975305558976959,0.9
1855,0.970252364268591,0.8
1856,0.967033555775949,0.9
1857,0.998480481746202,0.9
1858,0.964308853254086,0.9
1859,0.999047030487193,0.9
1860,0.988167087558568,0.9
1861,0.988241310249424,0.9
1862,0.961207697516014,0.8
1863,0.988095712740743,0.9
1864,0.95533983312888,0.9
1865,0.992865900066711,0.9
1866,0.997297190502059,0.9
1867,0.987616736095438,0.9
1868,0.979558501363775,0.9
1869,0.985581396839003,0.9
1870,0.961265544936944,0.8
1871,0.997217628049271,0.9
1872,0.981221659213546,0.9
1873,0.999172336900532,1
1874,0.981816152708648,0.9
1875,0.956961696819709,0.8
1876,0.998385967960004,0.9
1877,0.995375588174777,0.9
1878,0.98114298672108,0.8
1879,0.986159871048309,0.9
1880,0.928193907402832,0.8
1881,0.93667166943029,0.8
1882,0.99258805445418,0.9
1883,0.993247871036918,0.9
1884,0.992056392157812,0.9
1885,0.989578208645146,0.9
1886,0.950397883460764,0.8
1887,0.986653977019089,0.9
1888,0.999781069760786,1
1889,0.999528677013464,1
1890,0.975406658469539,0.8
1891,0.978272508698472,0.9
1892,0.974443543409061,0.8
1893,0.995022273926939,0.9
1894,0.994031570096479,0.9
1895,0.97868082249421,0.9
1896,0.906375996132588,0.7
1897,0.999129262820946,1
1898,0.995763966859302,0.9
1899,0.9926834582007,0.9
1900,0.999871667721566,1
1901,0.999018907741017,1
1902,0.995796895391216,0.9
1903,0.997289002867096,0.9
1904,0.978002850720903,0.8
1905,0.992935138979764,0.9
1906,0.934900826381557,0.8
1907,0.997855551608087,0.9
1908,0.995569777517039,0.9
1909,0.965268586465341,0.9
1910,0.963570720163012,0.8
1911,0.996800236658249,0.9
1912,0.985446834838316,0.9
1913,0.999662171061765,1
1914,0.99153184954402,0.9
1915,0.99578817378006,0.9
1916,0.996439446743706,0.9
1917,0.997073454477106,0.9
1918,0.966524676463825,0.9
1919,0.989723450169698,0.9
1920,0.988478217687143,0.9
1921,0.870296648694215,0.6
1922,0.989301608977065,0.9
1923,0.998729136660171,1
1924,0.907679432020203,0.7
1925,0.961939956868963,0.8
1926,0.988638766529233,0.9
1927,0.99653663041087,0.9
1928,0.957251111916426,0.9
1929,0.984330290618323,0.9
1930,0.996735981523,1
1931,0.975919631599145,0.8
1932,0.986413331748017,1
1933,0.996276050028586,0.9
1934,0.933010194673481,0.8
1935,0.927948812330151,0.8
1936,0.968457848275293,0.8
1937,0.998111860180826,0.9
1938,0.919852309304642,0.7
1939,0.999000574558384,1
1940,0.997419293058238,0.9
1941,0.984040697529541,0.8
1942,0.907035456731197,0.7
1943,0.998710981469602,0.9
1944,0.990650788825231,0.9
1945,0.999416364020827,0.9
1946,0.979757852475905,0.9
1947,0.980347006209075,0.9
1948,0.964034389490779,0.8
1949,0.949769393481361,0.8
1950,0.983970924640296,0.9
1951,0.99853459133378,0.9
1952,0.986855286043927,0.9
1953,0.999659501180799,1
1954,0.94503427059208,0.8
1955,0.999321850234629,1
1956,0.906947528651383,0.7
1957,0.983206270731626,0.9
1958,0.99884394154171,1
1959,0.963270447550367,0.8
1960,0.994622681742357,0.9
1961,0.998276324848333,0.9
1962,0.987847591802967,0.9
1963,0.997681653361167,0.9
1964,0.971319782678809,0.9
1965,0.954924221658502,0.9
1966,0.993804096238173,0.9
1967,0.971068457883874,0.9
1968,0.997437626240872,0.9
1969,0.99932469810766,1
1970,0.979819259738124,0.9
1971,0.999455878259124,1
1972,0.961706609272532,0.9
1973,0.997012937175209,0.9
1974,0.993874403103612,0.9
1975,0.992801288947334,0.9
1976,0.997230265485844,0.9
1977,0.998139448950808,1
1978,0.999049166391966,1
1979,0.993462707458651,0.9
1980,0.995444293111636,0.9
1981,0.995823950185005,0.9
1982,0.946765955386645,0.8
1983,0.973387516490965,0.9
1984,0.952007287707085,0.8
1985,0.973913127057143,0.9
1986,0.998168283665241,1
1987,0.980300550280266,0.9
1988,0.932178615748595,0.8
1989,0.784858321876578,0.4
1990,0.933915640305093,0.8
1991,0.986530450526394,0.9
1992,0.997235071271582,0.9
1993,0.962679691888617,0.9
1994,0.98292824712703,0.9
1995,0.982617472982585,0.9
1996,0.994753683901757,0.9
1997,0.987655182381349,0.9
1998,0.98578466377655,0.9
1999,0.958951648099721,0.9
2000,0.962806422238471,0.9
